CustomerID,TotalGastado,NumCompras,ProductosDistintos,TicketMedio,Cluster_ID,Segmento
12347.0,4310.0,7,103,615.7142857142857,0,VIP / Premium
12348.0,1797.24,4,22,449.31,2,Recurrentes
12349.0,1757.55,1,73,1757.55,2,Recurrentes
12350.0,334.40000000000003,1,17,334.40000000000003,1,Ocasionales
12352.0,2506.04,8,59,313.255,2,Recurrentes
12353.0,89.0,1,4,89.0,1,Ocasionales
12354.0,1079.4,1,58,1079.4,2,Recurrentes
12355.0,459.40000000000003,1,13,459.40000000000003,1,Ocasionales
12356.0,2811.43,3,53,937.1433333333333,2,Recurrentes
12358.0,1168.06,2,13,584.03,1,Ocasionales
12360.0,2662.06,3,105,887.3533333333334,2,Recurrentes
12361.0,189.9,1,10,189.9,1,Ocasionales
12362.0,5226.2300000000005,10,201,522.623,0,VIP / Premium
12363.0,552.0,2,23,276.0,1,Ocasionales
12364.0,1313.1,4,70,328.275,2,Recurrentes
12365.0,641.38,2,22,320.69,1,Ocasionales
12367.0,168.9,1,11,168.9,1,Ocasionales
12370.0,3541.94,4,143,885.485,0,VIP / Premium
12371.0,1887.96,2,63,943.98,2,Recurrentes
12372.0,1298.04,3,34,432.68,2,Recurrentes
12373.0,364.6,1,14,364.6,1,Ocasionales
12374.0,742.9300000000001,1,33,742.9300000000001,1,Ocasionales
12375.0,457.5,2,14,228.75,1,Ocasionales
12377.0,1628.1200000000001,2,72,814.0600000000001,2,Recurrentes
12379.0,852.24,2,39,426.12,1,Ocasionales
12380.0,2724.81,4,77,681.2025,2,Recurrentes
12381.0,1845.31,5,70,369.062,2,Recurrentes
12383.0,1850.56,5,84,370.11199999999997,2,Recurrentes
12384.0,585.27,2,26,292.635,1,Ocasionales
12386.0,401.9,2,10,200.95,1,Ocasionales
12388.0,2780.6600000000003,6,57,463.4433333333334,2,Recurrentes
12390.0,549.84,1,32,549.84,1,Ocasionales
12391.0,439.66,1,92,439.66,1,Ocasionales
12393.0,1582.6000000000001,4,47,395.65000000000003,2,Recurrentes
12394.0,1272.48,2,26,636.24,2,Recurrentes
12395.0,3018.63,12,91,251.5525,0,VIP / Premium
12397.0,2409.9,2,110,1204.95,2,Recurrentes
12398.0,1635.6599999999999,1,85,1635.6599999999999,2,Recurrentes
12399.0,1108.65,4,47,277.1625,2,Recurrentes
12401.0,84.3,1,5,84.3,1,Ocasionales
12402.0,225.60000000000002,1,11,225.60000000000002,1,Ocasionales
12403.0,427.7,1,5,427.7,1,Ocasionales
12405.0,1710.39,1,54,1710.39,2,Recurrentes
12406.0,3415.3,2,92,1707.65,0,VIP / Premium
12407.0,1708.12,5,57,341.62399999999997,2,Recurrentes
12408.0,2888.55,5,81,577.71,2,Recurrentes
12410.0,693.33,2,26,346.665,1,Ocasionales
12412.0,1226.88,3,43,408.96000000000004,2,Recurrentes
12413.0,758.1,3,29,252.70000000000002,1,Ocasionales
12414.0,562.4100000000001,3,16,187.47000000000003,1,Ocasionales
12417.0,3649.1,9,158,405.4555555555555,0,VIP / Premium
12418.0,668.58,1,34,668.58,1,Ocasionales
12420.0,600.39,1,29,600.39,1,Ocasionales
12421.0,807.04,4,32,201.76,1,Ocasionales
12422.0,803.5600000000001,3,39,267.85333333333335,1,Ocasionales
12423.0,1859.31,8,97,232.41375,2,Recurrentes
12424.0,1760.96,2,30,880.48,2,Recurrentes
12425.0,777.2,1,36,777.2,1,Ocasionales
12426.0,582.73,1,30,582.73,1,Ocasionales
12427.0,825.8000000000001,3,26,275.2666666666667,1,Ocasionales
12429.0,3750.4,4,82,937.6,0,VIP / Premium
12430.0,256.4,1,11,256.4,1,Ocasionales
12431.0,6419.95,15,163,427.99666666666667,0,VIP / Premium
12432.0,5059.32,5,107,1011.8639999999999,0,VIP / Premium
12434.0,806.14,2,46,403.07,1,Ocasionales
12436.0,509.01,1,16,509.01,1,Ocasionales
12437.0,4951.41,18,118,275.0783333333333,0,VIP / Premium
12438.0,2906.85,2,84,1453.425,2,Recurrentes
12441.0,173.55,1,11,173.55,1,Ocasionales
12442.0,172.06,1,12,172.06,1,Ocasionales
12444.0,5005.46,5,138,1001.092,0,VIP / Premium
12445.0,133.4,1,4,133.4,1,Ocasionales
12446.0,1002.3100000000001,1,57,1002.3100000000001,2,Recurrentes
12447.0,476.49,1,26,476.49,1,Ocasionales
12448.0,449.45,1,22,449.45,1,Ocasionales
12449.0,4067.29,4,118,1016.8225,0,VIP / Premium
12450.0,197.88,2,7,98.94,1,Ocasionales
12452.0,430.57000000000005,2,21,215.28500000000003,1,Ocasionales
12453.0,707.09,1,43,707.09,1,Ocasionales
12455.0,2466.86,6,85,411.1433333333334,2,Recurrentes
12456.0,3181.04,3,105,1060.3466666666666,0,VIP / Premium
12457.0,2363.23,7,53,337.6042857142857,2,Recurrentes
12458.0,947.4,2,35,473.7,1,Ocasionales
12461.0,826.88,2,35,413.44,1,Ocasionales
12462.0,1189.59,2,51,594.795,2,Recurrentes
12463.0,1344.78,4,65,336.195,2,Recurrentes
12464.0,1212.05,8,6,151.50625,2,Recurrentes
12465.0,742.19,2,46,371.095,1,Ocasionales
12468.0,729.54,2,36,364.77,1,Ocasionales
12472.0,6572.11,7,219,938.8728571428571,0,VIP / Premium
12473.0,3928.05,5,140,785.61,0,VIP / Premium
12475.0,723.38,1,36,723.38,1,Ocasionales
12476.0,6816.42,11,177,619.6745454545454,0,VIP / Premium
12478.0,680.99,1,36,680.99,1,Ocasionales
12479.0,527.2,1,31,527.2,1,Ocasionales
12480.0,3281.63,4,129,820.4075,0,VIP / Premium
12481.0,5579.82,10,150,557.982,0,VIP / Premium
12483.0,2484.98,8,46,310.6225,2,Recurrentes
12484.0,4527.32,6,256,754.5533333333333,0,VIP / Premium
12488.0,1298.66,3,46,432.8866666666667,2,Recurrentes
12489.0,334.93,1,15,334.93,1,Ocasionales
12490.0,5417.93,10,131,541.793,0,VIP / Premium
12491.0,460.40000000000003,1,25,460.40000000000003,1,Ocasionales
12492.0,263.21000000000004,2,19,131.60500000000002,1,Ocasionales
12493.0,433.74,2,20,216.87,1,Ocasionales
12494.0,1246.1,7,63,178.0142857142857,2,Recurrentes
12497.0,1043.1,1,14,1043.1,2,Recurrentes
12498.0,403.70000000000005,3,21,134.5666666666667,1,Ocasionales
12500.0,4257.82,11,34,387.07454545454544,0,VIP / Premium
12502.0,3723.87,5,102,744.774,0,VIP / Premium
12504.0,482.04999999999995,2,6,241.02499999999998,1,Ocasionales
12506.0,73.5,1,23,73.5,1,Ocasionales
12507.0,1304.81,3,19,434.93666666666667,1,Ocasionales
12508.0,397.88,2,57,198.94,1,Ocasionales
12509.0,176.5,1,7,176.5,1,Ocasionales
12510.0,982.5699999999999,2,29,491.28499999999997,1,Ocasionales
12512.0,132.18,2,31,66.09,1,Ocasionales
12513.0,612.29,1,35,612.29,1,Ocasionales
12514.0,1017.6800000000001,1,51,1017.6800000000001,2,Recurrentes
12515.0,383.7,1,16,383.7,1,Ocasionales
12516.0,1312.06,2,20,656.03,2,Recurrentes
12517.0,2481.6,5,232,496.32,0,VIP / Premium
12518.0,2056.89,5,84,411.378,2,Recurrentes
12519.0,330.84000000000003,1,17,330.84000000000003,1,Ocasionales
12520.0,2634.26,5,121,526.8520000000001,2,Recurrentes
12521.0,599.68,1,38,599.68,1,Ocasionales
12522.0,192.72,2,11,96.36,1,Ocasionales
12523.0,1789.77,11,84,162.70636363636365,2,Recurrentes
12524.0,4485.72,8,113,560.715,0,VIP / Premium
12526.0,1316.66,3,64,438.8866666666667,2,Recurrentes
12527.0,348.71000000000004,3,18,116.23666666666668,1,Ocasionales
12528.0,1933.48,6,50,322.24666666666667,2,Recurrentes
12530.0,1662.28,4,51,415.57,2,Recurrentes
12531.0,125.22,1,17,125.22,1,Ocasionales
12532.0,349.83000000000004,1,16,349.83000000000004,1,Ocasionales
12534.0,1089.18,1,63,1089.18,2,Recurrentes
12535.0,716.35,2,28,358.175,1,Ocasionales
12538.0,363.95,1,21,363.95,1,Ocasionales
12539.0,5568.35,4,157,1392.0875,0,VIP / Premium
12541.0,981.18,3,46,327.06,1,Ocasionales
12544.0,372.7,1,19,372.7,1,Ocasionales
12545.0,1000.39,2,42,500.195,1,Ocasionales
12546.0,1161.5,2,59,580.75,2,Recurrentes
12547.0,207.8,2,7,103.9,1,Ocasionales
12548.0,95.19999999999999,1,5,95.19999999999999,1,Ocasionales
12550.0,964.83,1,57,964.83,2,Recurrentes
12551.0,168.0,1,10,168.0,1,Ocasionales
12552.0,437.82,2,20,218.91,1,Ocasionales
12553.0,3692.28,10,95,369.228,0,VIP / Premium
12556.0,599.56,2,100,299.78,1,Ocasionales
12558.0,269.96,1,11,269.96,1,Ocasionales
12559.0,561.71,2,21,280.855,1,Ocasionales
12560.0,2134.01,3,91,711.3366666666667,2,Recurrentes
12561.0,238.85,1,16,238.85,1,Ocasionales
12562.0,3781.7400000000002,7,99,540.2485714285715,0,VIP / Premium
12564.0,456.90000000000003,1,21,456.90000000000003,1,Ocasionales
12565.0,145.92000000000002,1,9,145.92000000000002,1,Ocasionales
12566.0,351.65,1,19,351.65,1,Ocasionales
12571.0,519.61,2,31,259.805,1,Ocasionales
12572.0,1020.4200000000001,2,53,510.21000000000004,1,Ocasionales
12573.0,160.54000000000002,1,26,160.54000000000002,1,Ocasionales
12574.0,218.45000000000002,1,11,218.45000000000002,1,Ocasionales
12576.0,1315.83,5,72,263.166,2,Recurrentes
12577.0,626.6,3,137,208.86666666666667,2,Recurrentes
12578.0,2794.51,2,111,1397.255,0,VIP / Premium
12579.0,440.42,1,29,440.42,1,Ocasionales
12580.0,415.7,1,24,415.7,1,Ocasionales
12581.0,197.71,1,15,197.71,1,Ocasionales
12582.0,511.36,2,21,255.68,1,Ocasionales
12583.0,7281.38,15,115,485.42533333333336,0,VIP / Premium
12584.0,2338.15,9,44,259.7944444444445,2,Recurrentes
12585.0,2040.1,2,77,1020.05,2,Recurrentes
12586.0,196.94000000000003,1,11,196.94000000000003,1,Ocasionales
12587.0,144.0,1,4,144.0,1,Ocasionales
12588.0,214.89999999999998,1,10,214.89999999999998,1,Ocasionales
12589.0,646.68,2,29,323.34,1,Ocasionales
12591.0,452.84999999999997,1,26,452.84999999999997,1,Ocasionales
12592.0,437.6,2,11,218.8,1,Ocasionales
12593.0,418.1,3,14,139.36666666666667,1,Ocasionales
12594.0,3338.2200000000003,10,50,333.822,0,VIP / Premium
12596.0,618.27,2,25,309.135,1,Ocasionales
12597.0,3811.22,4,184,952.805,0,VIP / Premium
12598.0,3023.08,8,84,377.885,2,Recurrentes
12599.0,1032.58,7,32,147.51142857142855,2,Recurrentes
12600.0,2599.04,10,32,259.904,2,Recurrentes
12601.0,577.0600000000001,5,21,115.412,1,Ocasionales
12602.0,153.12,1,12,153.12,1,Ocasionales
12603.0,739.1999999999999,1,2,739.1999999999999,1,Ocasionales
12604.0,254.18,2,15,127.09,1,Ocasionales
12607.0,1579.51,1,101,1579.51,2,Recurrentes
12609.0,1126.85,3,57,375.6166666666666,2,Recurrentes
12610.0,2099.54,5,85,419.908,2,Recurrentes
12611.0,1193.32,1,65,1193.32,2,Recurrentes
12612.0,704.04,1,19,704.04,1,Ocasionales
12613.0,3344.38,5,124,668.876,0,VIP / Premium
12614.0,315.6,1,20,315.6,1,Ocasionales
12615.0,2291.19,4,82,572.7975,2,Recurrentes
12616.0,713.3,2,25,356.65,1,Ocasionales
12617.0,352.98,1,39,352.98,1,Ocasionales
12618.0,177.31,1,11,177.31,1,Ocasionales
12619.0,3641.24,9,50,404.5822222222222,0,VIP / Premium
12620.0,1339.41,3,89,446.47,2,Recurrentes
12622.0,180.1,1,11,180.1,1,Ocasionales
12623.0,305.1,1,18,305.1,1,Ocasionales
12624.0,641.13,2,36,320.565,1,Ocasionales
12625.0,2683.82,2,73,1341.91,2,Recurrentes
12626.0,6620.4800000000005,9,232,735.6088888888889,0,VIP / Premium
12627.0,4478.53,7,162,639.79,0,VIP / Premium
12628.0,786.46,3,34,262.15333333333336,1,Ocasionales
12630.0,1270.88,2,60,635.44,2,Recurrentes
12631.0,640.5,1,31,640.5,1,Ocasionales
12633.0,2163.98,4,73,540.995,2,Recurrentes
12635.0,1689.18,2,96,844.59,2,Recurrentes
12637.0,6002.9,8,205,750.3625,0,VIP / Premium
12638.0,671.69,1,39,671.69,1,Ocasionales
12639.0,486.1,1,22,486.1,1,Ocasionales
12640.0,1174.58,3,47,391.52666666666664,2,Recurrentes
12641.0,185.9,1,10,185.9,1,Ocasionales
12642.0,1013.26,3,39,337.75333333333333,1,Ocasionales
12643.0,3344.64,6,11,557.4399999999999,2,Recurrentes
12644.0,477.90999999999997,1,31,477.90999999999997,1,Ocasionales
12645.0,1775.18,4,58,443.795,2,Recurrentes
12646.0,1346.97,2,43,673.485,2,Recurrentes
12647.0,3722.82,12,78,310.235,0,VIP / Premium
12648.0,318.05,1,21,318.05,1,Ocasionales
12649.0,623.51,3,28,207.83666666666667,1,Ocasionales
12650.0,314.44,1,20,314.44,1,Ocasionales
12651.0,114.0,1,9,114.0,1,Ocasionales
12652.0,919.98,1,48,919.98,2,Recurrentes
12653.0,2209.85,2,37,1104.925,2,Recurrentes
12654.0,601.98,5,31,120.396,1,Ocasionales
12656.0,4051.17,5,89,810.234,0,VIP / Premium
12657.0,1643.18,4,35,410.795,2,Recurrentes
12658.0,686.05,1,36,686.05,1,Ocasionales
12659.0,91.68,1,5,91.68,1,Ocasionales
12660.0,245.10000000000002,1,13,245.10000000000002,1,Ocasionales
12662.0,3849.78,11,129,349.98,0,VIP / Premium
12664.0,4881.88,9,10,542.4311111111111,0,VIP / Premium
12665.0,63.0,1,3,63.0,1,Ocasionales
12667.0,620.13,1,33,620.13,1,Ocasionales
12668.0,3807.15,4,115,951.7875,0,VIP / Premium
12669.0,2744.0299999999997,3,98,914.6766666666666,2,Recurrentes
12670.0,2996.05,5,58,599.21,2,Recurrentes
12672.0,225.9,1,10,225.9,1,Ocasionales
12673.0,610.52,2,42,305.26,1,Ocasionales
12674.0,1970.6,4,52,492.65,2,Recurrentes
12676.0,1331.39,6,33,221.89833333333334,2,Recurrentes
12679.0,1113.02,4,43,278.255,2,Recurrentes
12680.0,862.81,4,33,215.7025,1,Ocasionales
12683.0,8476.57,15,177,565.1046666666666,0,VIP / Premium
12684.0,2283.63,7,61,326.23285714285714,2,Recurrentes
12685.0,2863.08,6,117,477.18,2,Recurrentes
12686.0,89.14,1,7,89.14,1,Ocasionales
12689.0,1247.6100000000001,2,57,623.8050000000001,2,Recurrentes
12690.0,389.01,1,16,389.01,1,Ocasionales
12691.0,1035.8,6,21,172.63333333333333,2,Recurrentes
12693.0,855.91,4,35,213.9775,1,Ocasionales
12694.0,869.67,2,32,434.835,1,Ocasionales
12695.0,582.1,4,23,145.525,1,Ocasionales
12697.0,957.59,3,37,319.19666666666666,1,Ocasionales
12700.0,4939.99,4,193,1234.9975,0,VIP / Premium
12701.0,797.71,2,50,398.855,1,Ocasionales
12702.0,219.0,1,12,219.0,1,Ocasionales
12703.0,283.55,1,21,283.55,1,Ocasionales
12704.0,2340.84,8,64,292.605,2,Recurrentes
12705.0,6868.29,9,228,763.1433333333333,0,VIP / Premium
12707.0,603.42,1,33,603.42,1,Ocasionales
12708.0,2712.91,10,86,271.291,2,Recurrentes
12710.0,1149.02,3,75,383.00666666666666,2,Recurrentes
12712.0,4396.13,13,58,338.1638461538462,0,VIP / Premium
12713.0,848.55,1,38,848.55,1,Ocasionales
12714.0,4708.86,5,216,941.7719999999999,0,VIP / Premium
12715.0,343.36,1,20,343.36,1,Ocasionales
12716.0,1053.49,2,60,526.745,2,Recurrentes
12717.0,1030.98,2,49,515.49,1,Ocasionales
12718.0,238.25,1,19,238.25,1,Ocasionales
12719.0,644.95,2,34,322.475,1,Ocasionales
12721.0,2656.13,6,133,442.68833333333333,2,Recurrentes
12722.0,997.63,4,50,249.4075,1,Ocasionales
12723.0,725.07,5,53,145.014,1,Ocasionales
12724.0,1031.41,4,47,257.8525,2,Recurrentes
12725.0,427.8,1,24,427.8,1,Ocasionales
12726.0,2609.1,7,57,372.7285714285714,2,Recurrentes
12727.0,3980.7000000000003,7,109,568.6714285714286,0,VIP / Premium
12728.0,836.33,4,38,209.0825,1,Ocasionales
12729.0,453.01,1,26,453.01,1,Ocasionales
12732.0,236.26000000000002,1,12,236.26000000000002,1,Ocasionales
12733.0,383.95,1,22,383.95,1,Ocasionales
12734.0,110.39999999999999,1,4,110.39999999999999,1,Ocasionales
12735.0,779.5699999999999,2,38,389.78499999999997,1,Ocasionales
12736.0,234.0,1,4,234.0,1,Ocasionales
12738.0,155.35,1,11,155.35,1,Ocasionales
12739.0,1013.04,2,38,506.52,1,Ocasionales
12740.0,427.6,1,27,427.6,1,Ocasionales
12743.0,540.13,2,114,270.065,1,Ocasionales
12747.0,4196.01,11,42,381.4554545454546,0,VIP / Premium
12749.0,4090.88,5,160,818.176,0,VIP / Premium
12750.0,275.88,1,15,275.88,1,Ocasionales
12754.0,3010.74,3,49,1003.5799999999999,2,Recurrentes
12756.0,112.08,1,4,112.08,1,Ocasionales
12757.0,7834.650000000001,13,237,602.6653846153847,0,VIP / Premium
12758.0,2791.59,2,84,1395.795,2,Recurrentes
12759.0,1531.44,3,81,510.48,2,Recurrentes
12762.0,1898.52,2,62,949.26,2,Recurrentes
12763.0,494.08,2,16,247.04,1,Ocasionales
12764.0,1693.88,1,45,1693.88,2,Recurrentes
12769.0,1143.6,1,32,1143.6,2,Recurrentes
12770.0,1351.45,1,12,1351.45,2,Recurrentes
12772.0,892.47,1,55,892.47,2,Recurrentes
12775.0,1386.04,5,47,277.20799999999997,2,Recurrentes
12778.0,822.23,6,40,137.03833333333333,2,Recurrentes
12779.0,3981.36,8,88,497.67,0,VIP / Premium
12781.0,826.74,2,25,413.37,1,Ocasionales
12782.0,2330.92,5,81,466.184,2,Recurrentes
12783.0,2225.91,6,76,370.98499999999996,2,Recurrentes
12784.0,532.82,2,54,266.41,1,Ocasionales
12785.0,311.95,1,14,311.95,1,Ocasionales
12787.0,463.66,3,17,154.55333333333334,1,Ocasionales
12789.0,91.85,1,4,91.85,1,Ocasionales
12790.0,324.92,1,21,324.92,1,Ocasionales
12791.0,192.60000000000002,1,2,192.60000000000002,1,Ocasionales
12792.0,400.54,1,25,400.54,1,Ocasionales
12793.0,545.48,2,21,272.74,1,Ocasionales
12794.0,860.41,2,43,430.205,1,Ocasionales
12795.0,430.48,1,14,430.48,1,Ocasionales
12797.0,254.03,1,13,254.03,1,Ocasionales
12802.0,427.58,1,25,427.58,1,Ocasionales
12808.0,483.65000000000003,3,27,161.21666666666667,1,Ocasionales
12809.0,489.31,1,25,489.31,1,Ocasionales
12811.0,514.85,3,27,171.61666666666667,1,Ocasionales
12812.0,229.64000000000001,1,15,229.64000000000001,1,Ocasionales
12814.0,125.92,1,2,125.92,1,Ocasionales
12815.0,1063.46,2,38,531.73,1,Ocasionales
12816.0,572.2,2,27,286.1,1,Ocasionales
12817.0,166.04000000000002,1,4,166.04000000000002,1,Ocasionales
12818.0,1542.08,1,14,1542.08,2,Recurrentes
12820.0,942.34,4,55,235.585,1,Ocasionales
12821.0,92.72,1,6,92.72,1,Ocasionales
12822.0,948.88,2,41,474.44,1,Ocasionales
12823.0,1759.5,5,1,351.9,2,Recurrentes
12824.0,397.12,1,25,397.12,1,Ocasionales
12826.0,1474.72,7,58,210.67428571428573,2,Recurrentes
12827.0,430.15,3,19,143.38333333333333,1,Ocasionales
12828.0,1018.71,6,46,169.785,2,Recurrentes
12829.0,293.0,2,9,146.5,1,Ocasionales
12830.0,6814.64,6,13,1135.7733333333333,0,VIP / Premium
12831.0,215.05,1,9,215.05,1,Ocasionales
12832.0,383.03000000000003,2,27,191.51500000000001,1,Ocasionales
12833.0,417.38,1,24,417.38,1,Ocasionales
12834.0,312.38,1,18,312.38,1,Ocasionales
12836.0,2610.36,4,148,652.59,2,Recurrentes
12837.0,134.1,1,12,134.1,1,Ocasionales
12838.0,671.95,2,115,335.975,2,Recurrentes
12839.0,5591.42,14,95,399.38714285714286,0,VIP / Premium
12840.0,2726.77,4,67,681.6925,2,Recurrentes
12842.0,1118.99,2,34,559.495,1,Ocasionales
12843.0,1702.26,8,69,212.7825,2,Recurrentes
12844.0,325.96000000000004,2,47,162.98000000000002,1,Ocasionales
12845.0,354.09000000000003,4,26,88.52250000000001,1,Ocasionales
12847.0,843.64,1,72,843.64,2,Recurrentes
12849.0,1010.29,2,47,505.145,1,Ocasionales
12851.0,131.81,1,43,131.81,1,Ocasionales
12852.0,311.55,1,17,311.55,1,Ocasionales
12853.0,1957.1000000000001,6,66,326.18333333333334,2,Recurrentes
12854.0,1316.25,3,95,438.75,2,Recurrentes
12855.0,38.1,1,3,38.1,1,Ocasionales
12856.0,2170.78,6,155,361.7966666666667,2,Recurrentes
12857.0,1106.4,2,37,553.2,1,Ocasionales
12863.0,521.2,1,5,521.2,1,Ocasionales
12864.0,147.12,1,3,147.12,1,Ocasionales
12865.0,1568.23,2,86,784.115,2,Recurrentes
12866.0,559.12,1,26,559.12,1,Ocasionales
12867.0,4009.34,7,240,572.7628571428571,0,VIP / Premium
12868.0,1607.0600000000002,6,72,267.84333333333336,2,Recurrentes
12871.0,380.64,2,8,190.32,1,Ocasionales
12872.0,599.97,2,58,299.985,1,Ocasionales
12873.0,374.0,1,4,374.0,1,Ocasionales
12875.0,343.2300000000001,2,1,171.61500000000004,1,Ocasionales
12876.0,2218.02,2,67,1109.01,2,Recurrentes
12877.0,1535.77,12,100,127.98083333333334,2,Recurrentes
12878.0,854.99,2,38,427.495,1,Ocasionales
12879.0,573.22,3,7,191.07333333333335,1,Ocasionales
12881.0,298.0,1,7,298.0,1,Ocasionales
12882.0,1463.04,2,12,731.52,2,Recurrentes
12883.0,703.47,4,39,175.8675,1,Ocasionales
12884.0,309.05,1,7,309.05,1,Ocasionales
12885.0,1175.22,3,66,391.74,2,Recurrentes
12886.0,1378.4,2,75,689.2,2,Recurrentes
12888.0,354.12,2,4,177.06,1,Ocasionales
12890.0,376.71999999999997,1,78,376.71999999999997,1,Ocasionales
12891.0,331.0,3,2,110.33333333333333,1,Ocasionales
12893.0,176.55,1,27,176.55,1,Ocasionales
12895.0,372.8,2,22,186.4,1,Ocasionales
12897.0,216.5,2,3,108.25,1,Ocasionales
12902.0,138.68,1,10,138.68,1,Ocasionales
12904.0,496.06,2,59,248.03,1,Ocasionales
12906.0,2919.81,5,55,583.962,2,Recurrentes
12908.0,750.0,2,1,375.0,1,Ocasionales
12909.0,2178.67,5,78,435.73400000000004,2,Recurrentes
12910.0,3075.04,8,48,384.38,2,Recurrentes
12912.0,1662.3,5,17,332.46,2,Recurrentes
12913.0,2483.63,5,37,496.726,2,Recurrentes
12915.0,363.65,2,19,181.825,1,Ocasionales
12916.0,2944.95,4,53,736.2375,2,Recurrentes
12917.0,594.0,1,2,594.0,1,Ocasionales
12919.0,1335.19,6,34,222.53166666666667,2,Recurrentes
12920.0,162.78,1,27,162.78,1,Ocasionales
12922.0,405.38,1,28,405.38,1,Ocasionales
12923.0,172.82,1,28,172.82,1,Ocasionales
12924.0,933.7,4,22,233.425,1,Ocasionales
12925.0,694.05,2,42,347.025,1,Ocasionales
12928.0,2062.7,5,59,412.53999999999996,2,Recurrentes
12929.0,117.85,1,8,117.85,1,Ocasionales
12930.0,415.8,2,20,207.9,1,Ocasionales
12933.0,607.53,3,102,202.51,1,Ocasionales
12935.0,2160.7,7,80,308.6714285714285,2,Recurrentes
12936.0,1063.9,4,56,265.975,2,Recurrentes
12937.0,1504.27,4,81,376.0675,2,Recurrentes
12938.0,114.14,1,9,114.14,1,Ocasionales
12940.0,899.69,2,87,449.845,2,Recurrentes
12942.0,675.6,3,68,225.20000000000002,1,Ocasionales
12944.0,604.51,2,29,302.255,1,Ocasionales
12945.0,462.95,1,23,462.95,1,Ocasionales
12947.0,1603.99,6,83,267.33166666666665,2,Recurrentes
12948.0,2064.95,7,82,294.99285714285713,2,Recurrentes
12949.0,4167.22,8,166,520.9025,0,VIP / Premium
12950.0,1843.0,3,13,614.3333333333334,2,Recurrentes
12951.0,1064.07,6,53,177.345,2,Recurrentes
12952.0,1387.79,4,64,346.9475,2,Recurrentes
12953.0,329.85,1,17,329.85,1,Ocasionales
12955.0,4757.16,11,81,432.4690909090909,0,VIP / Premium
12956.0,108.07,1,19,108.07,1,Ocasionales
12957.0,4017.54,8,208,502.1925,0,VIP / Premium
12962.0,266.39,2,15,133.195,1,Ocasionales
12963.0,1856.63,8,75,232.07875,2,Recurrentes
12965.0,769.8100000000001,1,108,769.8100000000001,2,Recurrentes
12966.0,160.18,1,10,160.18,1,Ocasionales
12967.0,1660.9,2,19,830.45,2,Recurrentes
12968.0,135.95,1,5,135.95,1,Ocasionales
12970.0,405.47,4,116,101.3675,1,Ocasionales
12974.0,144.8,1,8,144.8,1,Ocasionales
12976.0,738.6,1,22,738.6,1,Ocasionales
12977.0,39.239999999999995,1,9,39.239999999999995,1,Ocasionales
12980.0,7374.900000000001,9,6,819.4333333333334,0,VIP / Premium
12981.0,372.21999999999997,2,12,186.10999999999999,1,Ocasionales
12982.0,390.54,1,28,390.54,1,Ocasionales
12984.0,97.5,1,4,97.5,1,Ocasionales
12985.0,1239.38,2,73,619.69,2,Recurrentes
12987.0,558.7,2,27,279.35,1,Ocasionales
12988.0,505.82,1,75,505.82,1,Ocasionales
12989.0,6924.11,15,41,461.6073333333333,0,VIP / Premium
12990.0,409.5,3,8,136.5,1,Ocasionales
12991.0,503.76,2,31,251.88,1,Ocasionales
12993.0,414.76,4,26,103.69,1,Ocasionales
12994.0,974.42,3,52,324.8066666666667,1,Ocasionales
12995.0,211.32,1,3,211.32,1,Ocasionales
12997.0,1226.89,4,45,306.7225,2,Recurrentes
12999.0,455.88,3,25,151.96,1,Ocasionales
13000.0,534.85,3,30,178.28333333333333,1,Ocasionales
13002.0,120.95,1,7,120.95,1,Ocasionales
13003.0,149.05,3,4,49.68333333333334,1,Ocasionales
13005.0,513.7,2,21,256.85,1,Ocasionales
13006.0,81.57,1,4,81.57,1,Ocasionales
13008.0,229.47,1,14,229.47,1,Ocasionales
13011.0,50.550000000000004,1,3,50.550000000000004,1,Ocasionales
13012.0,1646.8400000000001,8,67,205.85500000000002,2,Recurrentes
13013.0,4810.9400000000005,13,155,370.07230769230773,0,VIP / Premium
13014.0,3466.28,10,67,346.62800000000004,0,VIP / Premium
13015.0,3339.64,5,156,667.928,0,VIP / Premium
13016.0,789.89,3,39,263.2966666666667,1,Ocasionales
13017.0,204.0,1,1,204.0,1,Ocasionales
13021.0,2616.38,9,101,290.7088888888889,2,Recurrentes
13023.0,689.9,2,36,344.95,1,Ocasionales
13026.0,975.36,5,32,195.072,1,Ocasionales
13028.0,661.3199999999999,2,40,330.65999999999997,1,Ocasionales
13029.0,1247.5,3,8,415.8333333333333,1,Ocasionales
13030.0,752.44,2,76,376.22,1,Ocasionales
13032.0,1010.1800000000001,2,55,505.09000000000003,1,Ocasionales
13033.0,190.55,1,11,190.55,1,Ocasionales
13034.0,642.77,2,37,321.385,1,Ocasionales
13035.0,921.88,2,23,460.94,1,Ocasionales
13037.0,881.07,3,44,293.69,1,Ocasionales
13038.0,908.46,3,24,302.82,1,Ocasionales
13040.0,676.99,2,38,338.495,1,Ocasionales
13043.0,516.42,1,13,516.42,1,Ocasionales
13044.0,560.47,1,33,560.47,1,Ocasionales
13045.0,305.28000000000003,1,18,305.28000000000003,1,Ocasionales
13046.0,629.31,2,33,314.655,1,Ocasionales
13047.0,3237.54,10,106,323.754,0,VIP / Premium
13048.0,1819.41,4,77,454.8525,2,Recurrentes
13049.0,656.6800000000001,2,14,328.34000000000003,1,Ocasionales
13050.0,5836.86,17,246,343.3447058823529,0,VIP / Premium
13052.0,348.15000000000003,1,18,348.15000000000003,1,Ocasionales
13055.0,1214.41,3,74,404.80333333333334,2,Recurrentes
13058.0,271.40000000000003,3,5,90.46666666666668,1,Ocasionales
13059.0,183.4,1,8,183.4,1,Ocasionales
13060.0,307.53000000000003,1,15,307.53000000000003,1,Ocasionales
13061.0,248.61,1,10,248.61,1,Ocasionales
13062.0,346.98,1,11,346.98,1,Ocasionales
13064.0,1105.59,4,51,276.3975,2,Recurrentes
13065.0,205.86,1,14,205.86,1,Ocasionales
13066.0,470.8,2,48,235.4,1,Ocasionales
13067.0,115.46000000000001,1,14,115.46000000000001,1,Ocasionales
13068.0,344.0,2,1,172.0,1,Ocasionales
13070.0,228.8,1,9,228.8,1,Ocasionales
13072.0,177.15,1,7,177.15,1,Ocasionales
13075.0,919.61,1,22,919.61,1,Ocasionales
13077.0,728.02,4,99,182.005,2,Recurrentes
13079.0,220.10000000000002,5,2,44.02,1,Ocasionales
13080.0,58.08,1,6,58.08,1,Ocasionales
13082.0,3613.63,9,63,401.51444444444445,0,VIP / Premium
13083.0,303.75,2,15,151.875,1,Ocasionales
13085.0,416.08,2,17,208.04,1,Ocasionales
13090.0,8910.82,14,98,636.4871428571429,0,VIP / Premium
13091.0,345.82,1,21,345.82,1,Ocasionales
13092.0,477.83,5,19,95.566,1,Ocasionales
13093.0,7832.47,8,97,979.05875,0,VIP / Premium
13094.0,1927.3200000000002,12,4,160.61,2,Recurrentes
13095.0,74.39999999999999,1,6,74.39999999999999,1,Ocasionales
13097.0,6003.22,10,214,600.322,0,VIP / Premium
13099.0,207.36,1,1,207.36,1,Ocasionales
13101.0,101.19,1,8,101.19,1,Ocasionales
13103.0,243.94,1,8,243.94,1,Ocasionales
13104.0,1098.48,6,14,183.08,2,Recurrentes
13106.0,76.5,1,1,76.5,1,Ocasionales
13107.0,1531.6200000000001,4,54,382.90500000000003,2,Recurrentes
13108.0,350.06,1,10,350.06,1,Ocasionales
13109.0,786.54,2,41,393.27,1,Ocasionales
13110.0,1488.67,7,109,212.66714285714286,2,Recurrentes
13115.0,2294.78,4,88,573.695,2,Recurrentes
13116.0,501.14,1,30,501.14,1,Ocasionales
13117.0,984.91,8,66,123.11375,2,Recurrentes
13118.0,1197.81,5,68,239.56199999999998,2,Recurrentes
13120.0,30.6,1,1,30.6,1,Ocasionales
13121.0,283.73,1,50,283.73,1,Ocasionales
13122.0,922.39,2,54,461.195,1,Ocasionales
13124.0,3756.33,3,185,1252.11,0,VIP / Premium
13126.0,2099.64,8,124,262.455,2,Recurrentes
13127.0,259.17,1,15,259.17,1,Ocasionales
13130.0,64.0,1,2,64.0,1,Ocasionales
13131.0,1073.3,3,30,357.76666666666665,1,Ocasionales
13132.0,77.3,1,3,77.3,1,Ocasionales
13133.0,109.8,2,7,54.9,1,Ocasionales
13134.0,1793.58,4,94,448.395,2,Recurrentes
13136.0,2607.61,5,94,521.522,2,Recurrentes
13138.0,962.39,6,31,160.39833333333334,2,Recurrentes
13139.0,5064.9400000000005,7,132,723.5628571428572,0,VIP / Premium
13140.0,422.47,3,40,140.82333333333335,1,Ocasionales
13141.0,2388.75,5,113,477.75,2,Recurrentes
13142.0,307.09000000000003,1,23,307.09000000000003,1,Ocasionales
13144.0,110.95,1,3,110.95,1,Ocasionales
13145.0,618.52,4,5,154.63,1,Ocasionales
13146.0,228.91,1,16,228.91,1,Ocasionales
13147.0,712.8,4,1,178.2,1,Ocasionales
13148.0,3683.26,12,231,306.93833333333333,0,VIP / Premium
13149.0,1676.06,4,76,419.015,2,Recurrentes
13151.0,1257.8700000000001,1,73,1257.8700000000001,2,Recurrentes
13153.0,486.22,1,15,486.22,1,Ocasionales
13155.0,971.76,4,67,242.94,2,Recurrentes
13157.0,1741.22,4,69,435.305,2,Recurrentes
13158.0,1201.06,4,59,300.265,2,Recurrentes
13159.0,1429.35,4,114,357.3375,2,Recurrentes
13160.0,91.8,1,4,91.8,1,Ocasionales
13161.0,112.75,1,8,112.75,1,Ocasionales
13162.0,1688.29,4,74,422.0725,2,Recurrentes
13165.0,1021.48,2,40,510.74,1,Ocasionales
13166.0,417.2,1,39,417.2,1,Ocasionales
13167.0,791.33,4,51,197.8325,1,Ocasionales
13168.0,1299.59,4,102,324.8975,2,Recurrentes
13169.0,712.88,2,11,356.44,1,Ocasionales
13170.0,108.81,1,29,108.81,1,Ocasionales
13171.0,468.41,3,37,156.13666666666668,1,Ocasionales
13173.0,353.65000000000003,2,41,176.82500000000002,1,Ocasionales
13174.0,2742.82,3,228,914.2733333333334,0,VIP / Premium
13176.0,481.49,1,66,481.49,1,Ocasionales
13177.0,282.45,1,17,282.45,1,Ocasionales
13178.0,5725.47,11,95,520.4972727272727,0,VIP / Premium
13182.0,121.18,1,11,121.18,1,Ocasionales
13183.0,3957.78,9,51,439.75333333333333,0,VIP / Premium
13184.0,1668.95,10,138,166.895,2,Recurrentes
13185.0,71.4,1,1,71.4,1,Ocasionales
13186.0,1575.89,3,69,525.2966666666667,2,Recurrentes
13187.0,236.02,1,37,236.02,1,Ocasionales
13188.0,114.6,1,2,114.6,1,Ocasionales
13189.0,260.68,2,29,130.34,1,Ocasionales
13192.0,911.94,2,57,455.97,1,Ocasionales
13193.0,112.08,1,22,112.08,1,Ocasionales
13194.0,60.7,1,3,60.7,1,Ocasionales
13196.0,1797.78,4,97,449.445,2,Recurrentes
13198.0,3401.2400000000002,6,199,566.8733333333333,0,VIP / Premium
13200.0,870.09,4,42,217.5225,1,Ocasionales
13203.0,869.46,4,56,217.365,1,Ocasionales
13207.0,250.26000000000002,2,7,125.13000000000001,1,Ocasionales
13208.0,1217.65,6,124,202.9416666666667,2,Recurrentes
13209.0,5891.61,8,255,736.45125,0,VIP / Premium
13210.0,353.48,1,22,353.48,1,Ocasionales
13211.0,1095.42,3,45,365.14000000000004,1,Ocasionales
13212.0,786.83,3,128,262.2766666666667,2,Recurrentes
13213.0,1520.58,5,82,304.116,2,Recurrentes
13216.0,333.74,1,5,333.74,1,Ocasionales
13217.0,533.98,3,3,177.99333333333334,1,Ocasionales
13218.0,62.64,1,5,62.64,1,Ocasionales
13220.0,819.2900000000001,4,18,204.82250000000002,1,Ocasionales
13221.0,847.41,2,62,423.705,1,Ocasionales
13223.0,163.2,2,5,81.6,1,Ocasionales
13224.0,2155.95,2,101,1077.975,2,Recurrentes
13225.0,6463.84,7,23,923.4057142857143,0,VIP / Premium
13226.0,108.21000000000001,1,16,108.21000000000001,1,Ocasionales
13227.0,257.7,1,9,257.7,1,Ocasionales
13228.0,358.0,1,2,358.0,1,Ocasionales
13229.0,160.95,1,10,160.95,1,Ocasionales
13232.0,1328.35,7,147,189.7642857142857,2,Recurrentes
13233.0,605.12,2,43,302.56,1,Ocasionales
13235.0,1031.07,1,53,1031.07,2,Recurrentes
13236.0,744.85,2,34,372.425,1,Ocasionales
13238.0,700.73,4,20,175.1825,1,Ocasionales
13239.0,329.56,1,21,329.56,1,Ocasionales
13240.0,663.65,4,59,165.9125,1,Ocasionales
13242.0,270.40000000000003,3,12,90.13333333333334,1,Ocasionales
13243.0,585.12,1,56,585.12,1,Ocasionales
13244.0,121.74000000000001,1,27,121.74000000000001,1,Ocasionales
13245.0,430.5,1,16,430.5,1,Ocasionales
13246.0,1961.52,6,110,326.92,2,Recurrentes
13247.0,501.12,4,18,125.28,1,Ocasionales
13248.0,465.68,2,25,232.84,1,Ocasionales
13249.0,711.41,3,21,237.13666666666666,1,Ocasionales
13253.0,1030.4,2,35,515.2,1,Ocasionales
13255.0,399.51,2,13,199.755,1,Ocasionales
13258.0,672.83,3,28,224.27666666666667,1,Ocasionales
13259.0,283.18,1,77,283.18,1,Ocasionales
13260.0,557.62,1,8,557.62,1,Ocasionales
13261.0,944.1,2,8,472.05,1,Ocasionales
13262.0,200.29,1,11,200.29,1,Ocasionales
13265.0,2092.66,5,66,418.532,2,Recurrentes
13266.0,3834.2599999999998,12,82,319.52166666666665,0,VIP / Premium
13267.0,4521.49,19,88,237.97315789473683,0,VIP / Premium
13268.0,3174.75,11,257,288.6136363636364,0,VIP / Premium
13269.0,5343.28,15,177,356.21866666666665,0,VIP / Premium
13270.0,590.0,1,1,590.0,1,Ocasionales
13271.0,211.49,1,79,211.49,1,Ocasionales
13272.0,276.56,2,15,138.28,1,Ocasionales
13273.0,138.98,1,16,138.98,1,Ocasionales
13276.0,590.9300000000001,2,30,295.46500000000003,1,Ocasionales
13277.0,258.4,4,5,64.6,1,Ocasionales
13278.0,542.73,1,46,542.73,1,Ocasionales
13279.0,137.75,1,9,137.75,1,Ocasionales
13280.0,798.46,3,67,266.15333333333336,1,Ocasionales
13282.0,1132.14,3,29,377.38000000000005,1,Ocasionales
13283.0,93.66,2,7,46.83,1,Ocasionales
13284.0,201.19,1,13,201.19,1,Ocasionales
13285.0,2709.12,4,157,677.28,2,Recurrentes
13291.0,361.11,1,41,361.11,1,Ocasionales
13292.0,578.94,2,29,289.47,1,Ocasionales
13294.0,873.74,2,48,436.87,1,Ocasionales
13295.0,201.20000000000002,1,10,201.20000000000002,1,Ocasionales
13296.0,87.4,1,5,87.4,1,Ocasionales
13297.0,2089.85,4,52,522.4625,2,Recurrentes
13298.0,360.0,1,2,360.0,1,Ocasionales
13299.0,142.5,1,5,142.5,1,Ocasionales
13300.0,371.89,1,20,371.89,1,Ocasionales
13301.0,618.09,4,75,154.5225,1,Ocasionales
13302.0,63.75,1,1,63.75,1,Ocasionales
13304.0,300.42,1,21,300.42,1,Ocasionales
13305.0,2000.86,10,50,200.08599999999998,2,Recurrentes
13307.0,15.0,1,1,15.0,1,Ocasionales
13308.0,1385.51,3,49,461.83666666666664,2,Recurrentes
13309.0,1456.79,5,82,291.358,2,Recurrentes
13310.0,1132.03,3,65,377.3433333333333,2,Recurrentes
13311.0,598.57,2,25,299.285,1,Ocasionales
13313.0,1555.3200000000002,5,47,311.064,2,Recurrentes
13314.0,775.94,3,55,258.6466666666667,1,Ocasionales
13316.0,5732.93,4,66,1433.2325,0,VIP / Premium
13317.0,2273.68,6,100,378.94666666666666,2,Recurrentes
13318.0,640.76,3,14,213.58666666666667,1,Ocasionales
13320.0,1532.2,4,77,383.05,2,Recurrentes
13321.0,567.36,2,10,283.68,1,Ocasionales
13322.0,199.48000000000002,1,25,199.48000000000002,1,Ocasionales
13323.0,787.85,5,6,157.57,1,Ocasionales
13324.0,7121.95,10,25,712.1949999999999,0,VIP / Premium
13325.0,675.3,1,12,675.3,1,Ocasionales
13327.0,3627.77,8,74,453.47125,0,VIP / Premium
13328.0,1308.48,1,17,1308.48,2,Recurrentes
13329.0,789.0,2,16,394.5,1,Ocasionales
13330.0,1140.93,3,37,380.31,1,Ocasionales
13332.0,350.90000000000003,1,21,350.90000000000003,1,Ocasionales
13334.0,3502.32,3,207,1167.44,0,VIP / Premium
13336.0,795.12,1,51,795.12,1,Ocasionales
13338.0,487.02,1,19,487.02,1,Ocasionales
13339.0,860.12,1,54,860.12,2,Recurrentes
13341.0,775.85,1,42,775.85,1,Ocasionales
13343.0,353.43,1,19,353.43,1,Ocasionales
13344.0,2511.69,3,115,837.23,2,Recurrentes
13345.0,389.5,1,20,389.5,1,Ocasionales
13347.0,341.36,1,8,341.36,1,Ocasionales
13348.0,233.76000000000002,1,14,233.76000000000002,1,Ocasionales
13349.0,247.32,1,16,247.32,1,Ocasionales
13350.0,979.12,2,36,489.56,1,Ocasionales
13351.0,373.94,1,16,373.94,1,Ocasionales
13352.0,397.98,1,24,397.98,1,Ocasionales
13354.0,743.53,1,51,743.53,1,Ocasionales
13355.0,674.7,1,32,674.7,1,Ocasionales
13356.0,768.24,1,42,768.24,1,Ocasionales
13357.0,609.4,1,85,609.4,1,Ocasionales
13358.0,439.03000000000003,1,29,439.03000000000003,1,Ocasionales
13359.0,439.56,1,23,439.56,1,Ocasionales
13362.0,3090.7400000000002,4,128,772.6850000000001,2,Recurrentes
13363.0,992.5,2,47,496.25,1,Ocasionales
13364.0,134.96,1,10,134.96,1,Ocasionales
13365.0,2225.37,2,122,1112.685,2,Recurrentes
13366.0,56.16,1,1,56.16,1,Ocasionales
13368.0,623.4,2,29,311.7,1,Ocasionales
13369.0,308.28000000000003,1,14,308.28000000000003,1,Ocasionales
13370.0,754.87,1,39,754.87,1,Ocasionales
13372.0,378.64,1,23,378.64,1,Ocasionales
13373.0,3312.25,3,135,1104.0833333333333,0,VIP / Premium
13375.0,778.65,1,37,778.65,1,Ocasionales
13376.0,1019.76,3,45,339.92,1,Ocasionales
13379.0,572.56,3,85,190.85333333333332,1,Ocasionales
13381.0,3639.31,6,77,606.5516666666666,0,VIP / Premium
13382.0,222.99,1,15,222.99,1,Ocasionales
13384.0,4151.93,7,123,593.1328571428572,0,VIP / Premium
13385.0,534.57,1,35,534.57,1,Ocasionales
13388.0,677.1,2,35,338.55,1,Ocasionales
13389.0,797.96,3,50,265.9866666666667,1,Ocasionales
13390.0,544.08,1,13,544.08,1,Ocasionales
13391.0,59.8,1,1,59.8,1,Ocasionales
13394.0,2520.02,8,124,315.0025,2,Recurrentes
13395.0,307.72,1,21,307.72,1,Ocasionales
13396.0,1360.99,2,42,680.495,2,Recurrentes
13397.0,1544.13,5,28,308.826,2,Recurrentes
13398.0,457.34000000000003,1,26,457.34000000000003,1,Ocasionales
13402.0,621.23,2,32,310.615,1,Ocasionales
13403.0,75.0,1,3,75.0,1,Ocasionales
13404.0,252.49,2,11,126.245,1,Ocasionales
13405.0,572.451,3,25,190.817,1,Ocasionales
13410.0,1003.06,5,15,200.612,1,Ocasionales
13411.0,213.55,1,17,213.55,1,Ocasionales
13414.0,1390.5,3,23,463.5,2,Recurrentes
13416.0,712.5,2,11,356.25,1,Ocasionales
13417.0,640.83,2,26,320.415,1,Ocasionales
13418.0,6127.43,18,223,340.4127777777778,0,VIP / Premium
13419.0,221.06,1,16,221.06,1,Ocasionales
13420.0,159.85,2,8,79.925,1,Ocasionales
13421.0,1833.71,2,88,916.855,2,Recurrentes
13425.0,1624.21,3,66,541.4033333333333,2,Recurrentes
13426.0,3641.32,10,103,364.132,0,VIP / Premium
13427.0,582.6,3,25,194.20000000000002,1,Ocasionales
13428.0,201.78,1,70,201.78,1,Ocasionales
13429.0,1006.8,4,55,251.7,2,Recurrentes
13430.0,679.45,2,48,339.725,1,Ocasionales
13431.0,1269.1,2,44,634.55,2,Recurrentes
13434.0,534.24,2,9,267.12,1,Ocasionales
13435.0,3809.89,7,68,544.27,0,VIP / Premium
13436.0,196.89,1,12,196.89,1,Ocasionales
13437.0,3408.06,7,143,486.86571428571426,0,VIP / Premium
13439.0,283.71,1,54,283.71,1,Ocasionales
13441.0,296.64,1,13,296.64,1,Ocasionales
13447.0,1129.14,3,55,376.38000000000005,2,Recurrentes
13448.0,3534.69,6,137,589.115,0,VIP / Premium
13449.0,291.88,1,19,291.88,1,Ocasionales
13450.0,2043.72,6,32,340.62,2,Recurrentes
13451.0,2898.2599999999998,5,315,579.6519999999999,0,VIP / Premium
13452.0,590.0,2,1,295.0,1,Ocasionales
13453.0,356.98,2,16,178.49,1,Ocasionales
13455.0,1058.34,2,42,529.17,1,Ocasionales
13456.0,1766.72,6,43,294.4533333333333,2,Recurrentes
13460.0,183.44,2,16,91.72,1,Ocasionales
13461.0,1445.0,3,14,481.6666666666667,2,Recurrentes
13462.0,151.5,1,9,151.5,1,Ocasionales
13464.0,674.68,1,41,674.68,1,Ocasionales
13466.0,307.90000000000003,1,17,307.90000000000003,1,Ocasionales
13467.0,1071.91,2,89,535.955,2,Recurrentes
13470.0,165.0,2,7,82.5,1,Ocasionales
13471.0,2501.84,4,214,625.46,0,VIP / Premium
13473.0,422.64,2,21,211.32,1,Ocasionales
13474.0,226.84,1,59,226.84,1,Ocasionales
13475.0,1431.78,4,64,357.945,2,Recurrentes
13476.0,1238.47,2,56,619.235,2,Recurrentes
13477.0,1454.58,6,57,242.42999999999998,2,Recurrentes
13479.0,300.95,2,14,150.475,1,Ocasionales
13481.0,1804.56,5,98,360.912,2,Recurrentes
13482.0,184.64000000000001,1,11,184.64000000000001,1,Ocasionales
13483.0,140.34,1,10,140.34,1,Ocasionales
13484.0,313.8,1,8,313.8,1,Ocasionales
13485.0,454.24,1,23,454.24,1,Ocasionales
13486.0,1122.41,3,69,374.1366666666667,2,Recurrentes
13487.0,575.4,3,26,191.79999999999998,1,Ocasionales
13489.0,449.52,4,11,112.38,1,Ocasionales
13491.0,1215.82,10,73,121.582,2,Recurrentes
13492.0,1269.84,3,38,423.28,2,Recurrentes
13493.0,618.63,2,6,309.315,1,Ocasionales
13494.0,316.26000000000005,1,18,316.26000000000005,1,Ocasionales
13495.0,2044.8700000000001,5,34,408.97400000000005,2,Recurrentes
13496.0,653.33,2,28,326.665,1,Ocasionales
13497.0,348.05,2,19,174.025,1,Ocasionales
13499.0,1159.1100000000001,5,31,231.82200000000003,2,Recurrentes
13500.0,1166.77,3,60,388.92333333333335,2,Recurrentes
13501.0,1340.32,1,52,1340.32,2,Recurrentes
13502.0,292.0,3,17,97.33333333333333,1,Ocasionales
13503.0,216.85,1,17,216.85,1,Ocasionales
13504.0,295.93,1,22,295.93,1,Ocasionales
13505.0,4393.63,4,182,1098.4075,0,VIP / Premium
13506.0,458.52,2,26,229.26,1,Ocasionales
13507.0,2479.16,4,146,619.79,2,Recurrentes
13508.0,110.97,1,12,110.97,1,Ocasionales
13509.0,979.72,7,27,139.96,2,Recurrentes
13510.0,1791.56,4,86,447.89,2,Recurrentes
13512.0,251.21,1,15,251.21,1,Ocasionales
13513.0,205.1,1,10,205.1,1,Ocasionales
13514.0,152.20000000000002,1,4,152.20000000000002,1,Ocasionales
13515.0,891.12,4,50,222.78,1,Ocasionales
13516.0,1389.41,3,43,463.1366666666667,2,Recurrentes
13517.0,2128.42,3,125,709.4733333333334,2,Recurrentes
13518.0,627.16,1,36,627.16,1,Ocasionales
13519.0,122.75,1,8,122.75,1,Ocasionales
13520.0,3624.35,6,49,604.0583333333333,2,Recurrentes
13521.0,1071.73,3,313,357.24333333333334,2,Recurrentes
13522.0,125.80000000000001,1,5,125.80000000000001,1,Ocasionales
13523.0,3964.88,5,157,792.976,0,VIP / Premium
13524.0,680.1800000000001,5,17,136.036,1,Ocasionales
13525.0,628.78,2,5,314.39,1,Ocasionales
13527.0,2242.36,7,153,320.33714285714285,2,Recurrentes
13529.0,307.76,2,15,153.88,1,Ocasionales
13531.0,483.8,2,17,241.9,1,Ocasionales
13532.0,210.31,1,66,210.31,1,Ocasionales
13533.0,269.09,3,61,89.69666666666666,1,Ocasionales
13534.0,5870.08,25,119,234.8032,0,VIP / Premium
13536.0,3444.39,7,91,492.05571428571426,0,VIP / Premium
13538.0,1280.85,7,10,182.97857142857143,2,Recurrentes
13539.0,631.34,3,35,210.4466666666667,1,Ocasionales
13544.0,276.06,2,76,138.03,1,Ocasionales
13546.0,621.09,3,72,207.03,1,Ocasionales
13548.0,678.16,2,114,339.08,2,Recurrentes
13549.0,918.2,7,37,131.17142857142858,2,Recurrentes
13551.0,91.80000000000001,1,4,91.80000000000001,1,Ocasionales
13552.0,3740.07,12,82,311.6725,0,VIP / Premium
13555.0,4098.88,4,128,1024.72,0,VIP / Premium
13557.0,584.0600000000001,2,31,292.03000000000003,1,Ocasionales
13558.0,594.52,4,123,148.63,2,Recurrentes
13560.0,171.42000000000002,1,32,171.42000000000002,1,Ocasionales
13561.0,141.85999999999999,1,14,141.85999999999999,1,Ocasionales
13562.0,1799.3300000000002,3,50,599.7766666666668,2,Recurrentes
13563.0,777.53,2,49,388.765,1,Ocasionales
13564.0,1724.67,3,68,574.89,2,Recurrentes
13565.0,240.22,2,35,120.11,1,Ocasionales
13566.0,856.84,2,134,428.42,2,Recurrentes
13568.0,187.05,1,41,187.05,1,Ocasionales
13569.0,338.62,2,73,169.31,1,Ocasionales
13570.0,239.49,1,27,239.49,1,Ocasionales
13571.0,2088.94,12,157,174.07833333333335,0,VIP / Premium
13572.0,1384.25,1,32,1384.25,2,Recurrentes
13573.0,290.25,2,24,145.125,1,Ocasionales
13575.0,732.07,5,41,146.41400000000002,1,Ocasionales
13576.0,6717.34,18,78,373.18555555555554,0,VIP / Premium
13577.0,1687.6000000000001,4,61,421.90000000000003,2,Recurrentes
13579.0,467.04,2,19,233.52,1,Ocasionales
13581.0,118.0,1,10,118.0,1,Ocasionales
13583.0,781.03,1,53,781.03,1,Ocasionales
13584.0,142.4,1,24,142.4,1,Ocasionales
13587.0,712.4,1,8,712.4,1,Ocasionales
13588.0,2478.95,9,131,275.43888888888887,2,Recurrentes
13589.0,379.65,2,21,189.825,1,Ocasionales
13590.0,1981.92,6,70,330.32,2,Recurrentes
13591.0,1117.13,3,56,372.3766666666667,2,Recurrentes
13592.0,247.95999999999998,4,15,61.989999999999995,1,Ocasionales
13593.0,2011.88,5,77,402.37600000000003,2,Recurrentes
13594.0,396.97,1,26,396.97,1,Ocasionales
13596.0,664.11,2,133,332.055,2,Recurrentes
13598.0,160.04,1,33,160.04,1,Ocasionales
13599.0,5149.92,21,171,245.2342857142857,0,VIP / Premium
13600.0,219.52,1,19,219.52,1,Ocasionales
13601.0,693.32,2,90,346.66,1,Ocasionales
13602.0,428.89,1,23,428.89,1,Ocasionales
13603.0,164.34,1,27,164.34,1,Ocasionales
13606.0,276.75,3,40,92.25,1,Ocasionales
13607.0,675.51,1,93,675.51,2,Recurrentes
13610.0,1082.33,7,165,154.6185714285714,2,Recurrentes
13611.0,1154.4,3,67,384.8,2,Recurrentes
13614.0,1585.46,4,171,396.365,2,Recurrentes
13615.0,417.69,1,23,417.69,1,Ocasionales
13617.0,544.18,3,31,181.39333333333332,1,Ocasionales
13618.0,177.34,1,13,177.34,1,Ocasionales
13621.0,213.85,1,19,213.85,1,Ocasionales
13623.0,727.74,5,75,145.548,2,Recurrentes
13626.0,257.23,1,19,257.23,1,Ocasionales
13627.0,1638.47,5,84,327.694,2,Recurrentes
13629.0,7792.36,11,28,708.3963636363636,0,VIP / Premium
13630.0,2031.78,7,51,290.2542857142857,2,Recurrentes
13631.0,3070.42,11,6,279.1290909090909,2,Recurrentes
13632.0,2118.93,5,121,423.78599999999994,2,Recurrentes
13634.0,1547.3600000000001,5,156,309.47200000000004,2,Recurrentes
13635.0,1071.03,1,62,1071.03,2,Recurrentes
13636.0,949.12,5,57,189.824,2,Recurrentes
13637.0,804.3,3,79,268.09999999999997,1,Ocasionales
13638.0,122.64,1,8,122.64,1,Ocasionales
13639.0,1033.34,1,39,1033.34,2,Recurrentes
13642.0,312.28,1,57,312.28,1,Ocasionales
13643.0,519.44,3,24,173.14666666666668,1,Ocasionales
13644.0,2624.26,4,144,656.065,2,Recurrentes
13645.0,252.1,1,5,252.1,1,Ocasionales
13647.0,1648.1200000000001,4,65,412.03000000000003,2,Recurrentes
13649.0,346.6,2,23,173.3,1,Ocasionales
13650.0,1836.3400000000001,6,79,306.0566666666667,2,Recurrentes
13651.0,94.2,2,6,47.1,1,Ocasionales
13652.0,1095.08,3,48,365.02666666666664,1,Ocasionales
13654.0,2707.33,6,157,451.22166666666664,2,Recurrentes
13655.0,932.97,2,52,466.485,1,Ocasionales
13656.0,379.65,2,49,189.825,1,Ocasionales
13657.0,382.14,2,16,191.07,1,Ocasionales
13658.0,2639.17,5,91,527.8340000000001,2,Recurrentes
13659.0,1563.0,2,92,781.5,2,Recurrentes
13662.0,881.26,3,50,293.75333333333333,1,Ocasionales
13663.0,189.47,1,13,189.47,1,Ocasionales
13666.0,84.65,3,12,28.21666666666667,1,Ocasionales
13667.0,299.05,1,82,299.05,1,Ocasionales
13669.0,218.55,2,9,109.275,1,Ocasionales
13670.0,349.7,1,25,349.7,1,Ocasionales
13672.0,186.39000000000001,2,4,93.19500000000001,1,Ocasionales
13673.0,387.44,2,47,193.72,1,Ocasionales
13675.0,486.82000000000005,2,25,243.41000000000003,1,Ocasionales
13678.0,232.6,1,16,232.6,1,Ocasionales
13680.0,3719.12,4,164,929.78,0,VIP / Premium
13681.0,827.83,4,37,206.9575,1,Ocasionales
13682.0,59.5,1,3,59.5,1,Ocasionales
13684.0,65.13,1,29,65.13,1,Ocasionales
13685.0,3119.44,7,29,445.63428571428574,2,Recurrentes
13686.0,72.0,1,8,72.0,1,Ocasionales
13689.0,910.0,1,6,910.0,1,Ocasionales
13690.0,172.25,1,9,172.25,1,Ocasionales
13692.0,1488.32,3,48,496.1066666666666,2,Recurrentes
13695.0,2504.13,15,46,166.942,0,VIP / Premium
13697.0,151.3,1,12,151.3,1,Ocasionales
13699.0,308.58000000000004,1,14,308.58000000000004,1,Ocasionales
13700.0,2248.63,10,139,224.863,0,VIP / Premium
13703.0,99.5,1,1,99.5,1,Ocasionales
13704.0,2308.06,9,111,256.4511111111111,2,Recurrentes
13705.0,711.86,3,25,237.28666666666666,1,Ocasionales
13706.0,330.79,1,20,330.79,1,Ocasionales
13707.0,806.41,2,48,403.205,1,Ocasionales
13708.0,285.33,1,49,285.33,1,Ocasionales
13709.0,6307.650000000001,13,244,485.2038461538462,0,VIP / Premium
13710.0,180.48,1,8,180.48,1,Ocasionales
13711.0,252.06,2,11,126.03,1,Ocasionales
13712.0,228.84,1,10,228.84,1,Ocasionales
13715.0,1077.39,5,89,215.478,2,Recurrentes
13716.0,138.28,1,21,138.28,1,Ocasionales
13717.0,1445.01,6,92,240.835,2,Recurrentes
13718.0,306.55,2,9,153.275,1,Ocasionales
13719.0,1041.68,5,56,208.336,2,Recurrentes
13720.0,799.9,4,42,199.975,1,Ocasionales
13721.0,524.14,1,28,524.14,1,Ocasionales
13722.0,2375.41,3,75,791.8033333333333,2,Recurrentes
13723.0,199.85000000000002,1,6,199.85000000000002,1,Ocasionales
13725.0,1980.56,8,95,247.57,2,Recurrentes
13726.0,1079.66,2,39,539.83,1,Ocasionales
13727.0,333.48,2,19,166.74,1,Ocasionales
13728.0,1016.14,6,38,169.35666666666665,2,Recurrentes
13730.0,752.6,2,38,376.3,1,Ocasionales
13731.0,610.59,2,36,305.295,1,Ocasionales
13732.0,491.86,1,33,491.86,1,Ocasionales
13735.0,2883.54,4,158,720.885,0,VIP / Premium
13736.0,729.8,2,166,364.9,2,Recurrentes
13737.0,339.6,1,29,339.6,1,Ocasionales
13739.0,216.9,1,3,216.9,1,Ocasionales
13740.0,350.75,1,23,350.75,1,Ocasionales
13741.0,668.4300000000001,3,34,222.81000000000003,1,Ocasionales
13742.0,3107.87,12,200,258.9891666666667,0,VIP / Premium
13743.0,1341.6,7,8,191.65714285714284,2,Recurrentes
13744.0,1080.52,2,54,540.26,2,Recurrentes
13745.0,300.04,1,25,300.04,1,Ocasionales
13747.0,79.6,1,1,79.6,1,Ocasionales
13748.0,948.25,5,24,189.65,1,Ocasionales
13750.0,1647.26,5,20,329.452,2,Recurrentes
13751.0,296.25,1,9,296.25,1,Ocasionales
13752.0,1175.38,6,64,195.89666666666668,2,Recurrentes
13753.0,741.26,1,35,741.26,1,Ocasionales
13754.0,282.6,2,11,141.3,1,Ocasionales
13755.0,2108.06,9,232,234.2288888888889,0,VIP / Premium
13756.0,5189.52,14,66,370.68,0,VIP / Premium
13758.0,3190.55,7,104,455.79285714285714,0,VIP / Premium
13759.0,659.4100000000001,2,24,329.70500000000004,1,Ocasionales
13760.0,286.79,2,50,143.395,1,Ocasionales
13761.0,1070.65,2,68,535.325,2,Recurrentes
13762.0,306.72,1,7,306.72,1,Ocasionales
13763.0,1714.96,1,15,1714.96,2,Recurrentes
13764.0,1519.42,3,183,506.47333333333336,2,Recurrentes
13769.0,2796.51,10,73,279.651,2,Recurrentes
13771.0,2634.45,4,114,658.6125,2,Recurrentes
13772.0,1122.63,3,141,374.21000000000004,2,Recurrentes
13774.0,345.0,1,22,345.0,1,Ocasionales
13778.0,178.7,1,9,178.7,1,Ocasionales
13780.0,360.01,2,56,180.005,1,Ocasionales
13781.0,127.84,1,17,127.84,1,Ocasionales
13782.0,908.86,6,96,151.47666666666666,2,Recurrentes
13784.0,2462.79,11,9,223.89,2,Recurrentes
13786.0,230.4,1,7,230.4,1,Ocasionales
13787.0,309.04,2,24,154.52,1,Ocasionales
13790.0,348.79999999999995,1,45,348.79999999999995,1,Ocasionales
13791.0,1516.0,2,7,758.0,2,Recurrentes
13792.0,195.55,2,13,97.775,1,Ocasionales
13799.0,688.86,2,32,344.43,1,Ocasionales
13800.0,558.32,1,33,558.32,1,Ocasionales
13801.0,324.8,1,23,324.8,1,Ocasionales
13802.0,4599.42,3,55,1533.14,0,VIP / Premium
13803.0,277.07,1,17,277.07,1,Ocasionales
13804.0,2588.39,7,124,369.77,2,Recurrentes
13805.0,924.5999999999999,2,10,462.29999999999995,1,Ocasionales
13806.0,256.38,1,10,256.38,1,Ocasionales
13807.0,112.6,1,7,112.6,1,Ocasionales
13808.0,1747.66,5,70,349.53200000000004,2,Recurrentes
13809.0,155.05,1,11,155.05,1,Ocasionales
13810.0,1499.01,3,32,499.67,2,Recurrentes
13811.0,814.5,3,7,271.5,1,Ocasionales
13812.0,539.0,3,33,179.66666666666666,1,Ocasionales
13813.0,1366.8600000000001,4,54,341.71500000000003,2,Recurrentes
13814.0,1579.12,2,37,789.56,2,Recurrentes
13815.0,4027.36,4,132,1006.84,0,VIP / Premium
13816.0,571.6700000000001,2,25,285.83500000000004,1,Ocasionales
13817.0,382.98,2,20,191.49,1,Ocasionales
13819.0,1140.35,3,26,380.1166666666666,1,Ocasionales
13821.0,385.64,2,51,192.82,1,Ocasionales
13822.0,632.0,2,90,316.0,1,Ocasionales
13823.0,957.66,2,39,478.83,1,Ocasionales
13824.0,1698.94,5,34,339.788,2,Recurrentes
13826.0,189.5,1,10,189.5,1,Ocasionales
13827.0,409.8,3,83,136.6,1,Ocasionales
13828.0,209.49,1,15,209.49,1,Ocasionales
13831.0,2198.45,6,58,366.4083333333333,2,Recurrentes
13832.0,52.2,1,3,52.2,1,Ocasionales
13833.0,383.85,1,28,383.85,1,Ocasionales
13835.0,834.57,4,48,208.6425,1,Ocasionales
13837.0,266.59000000000003,2,17,133.29500000000002,1,Ocasionales
13838.0,674.82,4,144,168.705,2,Recurrentes
13841.0,85.0,1,1,85.0,1,Ocasionales
13842.0,3385.62,9,155,376.18,0,VIP / Premium
13844.0,361.62,1,20,361.62,1,Ocasionales
13845.0,312.98,1,9,312.98,1,Ocasionales
13846.0,865.0600000000001,3,55,288.35333333333335,1,Ocasionales
13848.0,1255.0,3,3,418.3333333333333,1,Ocasionales
13849.0,1537.95,2,97,768.975,2,Recurrentes
13850.0,1595.48,1,93,1595.48,2,Recurrentes
13851.0,2651.46,3,77,883.82,2,Recurrentes
13853.0,1090.1399999999999,1,23,1090.1399999999999,2,Recurrentes
13856.0,388.5,3,10,129.5,1,Ocasionales
13858.0,216.17000000000002,1,11,216.17000000000002,1,Ocasionales
13859.0,201.16,1,27,201.16,1,Ocasionales
13860.0,1245.9,5,58,249.18,2,Recurrentes
13862.0,2209.36,8,97,276.17,2,Recurrentes
13863.0,305.78,1,20,305.78,1,Ocasionales
13865.0,501.56,4,26,125.39,1,Ocasionales
13866.0,145.67,1,7,145.67,1,Ocasionales
13867.0,1005.09,3,51,335.03000000000003,1,Ocasionales
13868.0,3192.54,2,32,1596.27,2,Recurrentes
13869.0,3083.65,4,234,770.9125,0,VIP / Premium
13870.0,2770.94,8,91,346.3675,2,Recurrentes
13871.0,6403.25,13,155,492.5576923076923,0,VIP / Premium
13873.0,389.6,3,21,129.86666666666667,1,Ocasionales
13874.0,540.45,1,18,540.45,1,Ocasionales
13875.0,1786.79,5,79,357.358,2,Recurrentes
13876.0,122.7,1,7,122.7,1,Ocasionales
13877.0,117.24,1,3,117.24,1,Ocasionales
13878.0,1271.57,1,35,1271.57,2,Recurrentes
13880.0,3219.77,13,125,247.67461538461538,0,VIP / Premium
13882.0,1191.13,5,54,238.22600000000003,2,Recurrentes
13883.0,2674.48,5,108,534.896,2,Recurrentes
13884.0,787.6,5,45,157.52,1,Ocasionales
13885.0,506.8,2,28,253.4,1,Ocasionales
13886.0,243.56,1,16,243.56,1,Ocasionales
13887.0,349.55,1,19,349.55,1,Ocasionales
13888.0,595.67,2,38,297.835,1,Ocasionales
13889.0,416.90000000000003,1,15,416.90000000000003,1,Ocasionales
13890.0,1883.81,10,74,188.381,2,Recurrentes
13892.0,632.97,4,26,158.2425,1,Ocasionales
13893.0,821.1,1,21,821.1,1,Ocasionales
13894.0,564.62,3,25,188.20666666666668,1,Ocasionales
13895.0,2593.07,4,97,648.2675,2,Recurrentes
13897.0,311.16,1,17,311.16,1,Ocasionales
13898.0,155.93,1,12,155.93,1,Ocasionales
13899.0,388.52,2,19,194.26,1,Ocasionales
13900.0,740.95,3,42,246.98333333333335,1,Ocasionales
13901.0,2867.2000000000003,5,144,573.44,2,Recurrentes
13904.0,332.64,2,24,166.32,1,Ocasionales
13908.0,2369.55,4,104,592.3875,2,Recurrentes
13911.0,2580.91,9,120,286.7677777777778,2,Recurrentes
13914.0,626.45,2,28,313.225,1,Ocasionales
13917.0,272.04,2,16,136.02,1,Ocasionales
13918.0,1212.8400000000001,2,30,606.4200000000001,2,Recurrentes
13919.0,384.81,2,24,192.405,1,Ocasionales
13922.0,172.25,1,7,172.25,1,Ocasionales
13923.0,351.13,1,20,351.13,1,Ocasionales
13924.0,1838.8500000000001,6,90,306.475,2,Recurrentes
13925.0,678.25,4,28,169.5625,1,Ocasionales
13926.0,223.85000000000002,1,11,223.85000000000002,1,Ocasionales
13927.0,348.99,1,21,348.99,1,Ocasionales
13928.0,464.57,4,23,116.1425,1,Ocasionales
13929.0,842.65,2,8,421.325,1,Ocasionales
13930.0,337.34,2,15,168.67,1,Ocasionales
13931.0,1237.53,2,56,618.765,2,Recurrentes
13932.0,307.4,1,16,307.4,1,Ocasionales
13933.0,608.79,2,23,304.395,1,Ocasionales
13934.0,922.1,1,31,922.1,2,Recurrentes
13936.0,376.58,1,26,376.58,1,Ocasionales
13937.0,158.85,1,9,158.85,1,Ocasionales
13938.0,71.66,1,7,71.66,1,Ocasionales
13939.0,568.55,3,43,189.51666666666665,1,Ocasionales
13940.0,839.14,4,39,209.785,1,Ocasionales
13941.0,5112.96,5,24,1022.592,0,VIP / Premium
13946.0,561.57,3,11,187.19000000000003,1,Ocasionales
13947.0,90.60000000000001,1,5,90.60000000000001,1,Ocasionales
13948.0,102.0,1,3,102.0,1,Ocasionales
13949.0,2427.32,6,124,404.55333333333334,2,Recurrentes
13950.0,745.0600000000001,4,33,186.26500000000001,1,Ocasionales
13951.0,674.45,3,38,224.8166666666667,1,Ocasionales
13952.0,3251.071,2,120,1625.5355,0,VIP / Premium
13953.0,3515.68,7,8,502.23999999999995,2,Recurrentes
13954.0,439.92,2,24,219.96,1,Ocasionales
13955.0,322.96,2,33,161.48,1,Ocasionales
13956.0,1019.27,5,123,203.85399999999998,2,Recurrentes
13959.0,594.04,3,79,198.01333333333332,1,Ocasionales
13960.0,230.22,2,11,115.11,1,Ocasionales
13962.0,169.54999999999998,2,11,84.77499999999999,1,Ocasionales
13963.0,664.54,4,35,166.135,1,Ocasionales
13967.0,80.7,1,2,80.7,1,Ocasionales
13971.0,2758.26,8,118,344.7825,2,Recurrentes
13972.0,190.25,2,15,95.125,1,Ocasionales
13973.0,264.7,1,11,264.7,1,Ocasionales
13974.0,413.59000000000003,1,28,413.59000000000003,1,Ocasionales
13975.0,2461.2400000000002,6,240,410.2066666666667,0,VIP / Premium
13976.0,357.98,1,10,357.98,1,Ocasionales
13978.0,196.79,2,14,98.395,1,Ocasionales
13979.0,869.87,1,54,869.87,2,Recurrentes
13980.0,200.14,1,11,200.14,1,Ocasionales
13982.0,1871.81,4,72,467.9525,2,Recurrentes
13983.0,2603.43,12,91,216.9525,0,VIP / Premium
13984.0,920.51,5,14,184.102,1,Ocasionales
13985.0,7060.13,15,108,470.67533333333336,0,VIP / Premium
13986.0,320.46,1,12,320.46,1,Ocasionales
13988.0,4147.96,6,188,691.3266666666667,0,VIP / Premium
13989.0,1266.08,2,33,633.04,2,Recurrentes
13990.0,311.3,1,16,311.3,1,Ocasionales
13991.0,852.88,6,58,142.14666666666668,2,Recurrentes
13992.0,76.8,1,5,76.8,1,Ocasionales
13993.0,3466.36,9,66,385.1511111111111,0,VIP / Premium
13994.0,2274.14,6,122,379.0233333333333,2,Recurrentes
13995.0,1393.69,5,55,278.738,2,Recurrentes
13999.0,3901.81,12,102,325.1508333333333,0,VIP / Premium
14000.0,635.66,1,15,635.66,1,Ocasionales
14001.0,2043.0800000000002,3,34,681.0266666666668,2,Recurrentes
14002.0,529.73,2,47,264.865,1,Ocasionales
14004.0,4582.64,7,102,654.6628571428572,0,VIP / Premium
14005.0,2874.72,5,53,574.944,2,Recurrentes
14006.0,962.19,3,22,320.73,1,Ocasionales
14009.0,695.61,2,42,347.805,1,Ocasionales
14012.0,328.8,1,11,328.8,1,Ocasionales
14013.0,473.02,3,30,157.67333333333332,1,Ocasionales
14014.0,505.18,1,39,505.18,1,Ocasionales
14015.0,917.34,1,20,917.34,1,Ocasionales
14016.0,4341.21,4,154,1085.3025,0,VIP / Premium
14019.0,1421.6100000000001,3,37,473.87000000000006,2,Recurrentes
14020.0,642.8,2,37,321.4,1,Ocasionales
14021.0,631.9,3,22,210.63333333333333,1,Ocasionales
14022.0,440.0,1,28,440.0,1,Ocasionales
14023.0,584.07,2,30,292.035,1,Ocasionales
14024.0,327.7,2,16,163.85,1,Ocasionales
14027.0,104.82,1,6,104.82,1,Ocasionales
14029.0,467.66,2,15,233.83,1,Ocasionales
14030.0,2358.84,8,210,294.855,0,VIP / Premium
14032.0,2975.59,11,53,270.5081818181818,0,VIP / Premium
14034.0,648.89,3,82,216.29666666666665,1,Ocasionales
14035.0,1428.02,5,41,285.604,2,Recurrentes
14036.0,626.65,1,38,626.65,1,Ocasionales
14037.0,147.20000000000002,2,27,73.60000000000001,1,Ocasionales
14038.0,1560.38,3,64,520.1266666666667,2,Recurrentes
14039.0,152.2,1,6,152.2,1,Ocasionales
14040.0,3560.32,12,146,296.6933333333333,0,VIP / Premium
14041.0,141.41,1,21,141.41,1,Ocasionales
14044.0,646.42,4,165,161.605,2,Recurrentes
14045.0,1659.75,4,4,414.9375,2,Recurrentes
14046.0,154.99,1,14,154.99,1,Ocasionales
14047.0,1308.6100000000001,5,22,261.72200000000004,2,Recurrentes
14048.0,409.93,1,83,409.93,1,Ocasionales
14050.0,746.36,2,49,373.18,1,Ocasionales
14052.0,225.35999999999999,1,56,225.35999999999999,1,Ocasionales
14053.0,260.25,2,2,130.125,1,Ocasionales
14054.0,92.46000000000001,1,6,92.46000000000001,1,Ocasionales
14055.0,725.6400000000001,1,10,725.6400000000001,1,Ocasionales
14057.0,6211.66,17,179,365.39176470588234,0,VIP / Premium
14059.0,183.6,1,8,183.6,1,Ocasionales
14060.0,6140.42,19,86,323.18,0,VIP / Premium
14064.0,1334.34,5,59,266.868,2,Recurrentes
14066.0,152.55,1,7,152.55,1,Ocasionales
14067.0,374.7,2,51,187.35,1,Ocasionales
14068.0,265.85,1,22,265.85,1,Ocasionales
14071.0,1437.57,8,271,179.69625,0,VIP / Premium
14073.0,151.04,1,13,151.04,1,Ocasionales
14075.0,942.26,3,33,314.08666666666664,1,Ocasionales
14076.0,118.67,1,43,118.67,1,Ocasionales
14077.0,499.42,5,33,99.884,1,Ocasionales
14078.0,1049.37,6,46,174.89499999999998,2,Recurrentes
14079.0,375.1,1,12,375.1,1,Ocasionales
14080.0,45.599999999999994,1,4,45.599999999999994,1,Ocasionales
14081.0,921.62,2,126,460.81,2,Recurrentes
14082.0,182.25,1,28,182.25,1,Ocasionales
14083.0,1002.9,9,162,111.43333333333334,2,Recurrentes
14087.0,191.47,1,61,191.47,1,Ocasionales
14089.0,158.75,1,13,158.75,1,Ocasionales
14090.0,76.32000000000001,1,1,76.32000000000001,1,Ocasionales
14092.0,4076.9100000000003,14,117,291.20785714285716,0,VIP / Premium
14093.0,433.86,1,95,433.86,1,Ocasionales
14098.0,147.35,1,21,147.35,1,Ocasionales
14099.0,3104.17,11,167,282.1972727272727,0,VIP / Premium
14100.0,191.95,1,24,191.95,1,Ocasionales
14101.0,5976.79,6,15,996.1316666666667,0,VIP / Premium
14102.0,1105.8799999999999,5,35,221.176,2,Recurrentes
14104.0,216.21,2,21,108.105,1,Ocasionales
14105.0,1266.23,1,74,1266.23,2,Recurrentes
14107.0,2703.23,7,61,386.17571428571426,2,Recurrentes
14108.0,597.91,2,33,298.955,1,Ocasionales
14109.0,144.2,1,9,144.2,1,Ocasionales
14110.0,5683.15,12,94,473.5958333333333,0,VIP / Premium
14111.0,692.85,4,10,173.2125,1,Ocasionales
14112.0,2915.15,7,117,416.45,2,Recurrentes
14113.0,1840.42,4,26,460.105,2,Recurrentes
14114.0,386.53,2,15,193.265,1,Ocasionales
14116.0,1382.74,5,61,276.548,2,Recurrentes
14117.0,90.0,1,3,90.0,1,Ocasionales
14121.0,2780.15,4,148,695.0375,2,Recurrentes
14124.0,419.58,1,4,419.58,1,Ocasionales
14125.0,2720.63,3,159,906.8766666666667,2,Recurrentes
14126.0,706.1300000000001,3,14,235.3766666666667,1,Ocasionales
14127.0,709.71,3,39,236.57000000000002,1,Ocasionales
14128.0,637.5,2,40,318.75,1,Ocasionales
14129.0,1123.8600000000001,5,31,224.77200000000002,2,Recurrentes
14130.0,480.91,1,66,480.91,1,Ocasionales
14132.0,3586.03,11,100,326.00272727272727,0,VIP / Premium
14133.0,605.64,3,25,201.88,1,Ocasionales
14135.0,4690.31,15,95,312.68733333333336,0,VIP / Premium
14138.0,965.88,2,40,482.94,1,Ocasionales
14139.0,415.82,1,26,415.82,1,Ocasionales
14140.0,935.05,2,60,467.525,1,Ocasionales
14141.0,915.13,4,27,228.7825,1,Ocasionales
14142.0,311.81,1,22,311.81,1,Ocasionales
14143.0,115.8,1,7,115.8,1,Ocasionales
14145.0,3742.2,4,6,935.55,2,Recurrentes
14146.0,4191.0,5,183,838.2,0,VIP / Premium
14147.0,483.4,2,4,241.7,1,Ocasionales
14148.0,157.2,1,3,157.2,1,Ocasionales
14149.0,446.62,1,28,446.62,1,Ocasionales
14150.0,658.64,2,23,329.32,1,Ocasionales
14152.0,621.29,2,47,310.645,1,Ocasionales
14154.0,1345.62,2,52,672.81,2,Recurrentes
14155.0,118.75,1,6,118.75,1,Ocasionales
14157.0,424.89000000000004,2,45,212.44500000000002,1,Ocasionales
14158.0,507.65999999999997,1,41,507.65999999999997,1,Ocasionales
14161.0,1097.6200000000001,3,87,365.8733333333334,2,Recurrentes
14162.0,289.36,2,25,144.68,1,Ocasionales
14163.0,2445.91,4,36,611.4775,2,Recurrentes
14164.0,1631.77,2,28,815.885,2,Recurrentes
14165.0,120.44,1,23,120.44,1,Ocasionales
14167.0,562.59,4,27,140.6475,1,Ocasionales
14171.0,363.79,1,57,363.79,1,Ocasionales
14173.0,450.84,4,28,112.71,1,Ocasionales
14174.0,134.46,1,26,134.46,1,Ocasionales
14175.0,3222.3,3,139,1074.1000000000001,0,VIP / Premium
14176.0,576.9000000000001,4,28,144.22500000000002,1,Ocasionales
14177.0,549.46,4,37,137.365,1,Ocasionales
14178.0,1600.26,7,191,228.60857142857142,2,Recurrentes
14179.0,701.57,2,135,350.785,2,Recurrentes
14180.0,4748.52,25,112,189.94080000000002,0,VIP / Premium
14184.0,452.89,1,24,452.89,1,Ocasionales
14185.0,197.65,1,3,197.65,1,Ocasionales
14188.0,2054.36,6,34,342.3933333333334,2,Recurrentes
14189.0,4654.08,15,176,310.272,0,VIP / Premium
14191.0,4684.76,13,145,360.36615384615385,0,VIP / Premium
14193.0,853.39,2,35,426.695,1,Ocasionales
14195.0,1012.0,2,7,506.0,1,Ocasionales
14196.0,335.52,1,6,335.52,1,Ocasionales
14198.0,701.4,4,35,175.35,1,Ocasionales
14199.0,185.39999999999998,1,2,185.39999999999998,1,Ocasionales
14201.0,747.44,7,32,106.77714285714286,2,Recurrentes
14204.0,150.61,1,36,150.61,1,Ocasionales
14205.0,466.7,2,23,233.35,1,Ocasionales
14206.0,328.15999999999997,1,20,328.15999999999997,1,Ocasionales
14208.0,151.74,1,10,151.74,1,Ocasionales
14209.0,2073.43,6,55,345.57166666666666,2,Recurrentes
14210.0,1905.8400000000001,6,66,317.64000000000004,2,Recurrentes
14211.0,2241.1,9,87,249.0111111111111,2,Recurrentes
14212.0,1070.48,1,9,1070.48,2,Recurrentes
14214.0,1004.38,5,64,200.876,2,Recurrentes
14215.0,1789.72,6,98,298.2866666666667,2,Recurrentes
14216.0,1839.3,4,47,459.825,2,Recurrentes
14217.0,2004.98,17,78,117.94,0,VIP / Premium
14218.0,169.48000000000002,1,12,169.48000000000002,1,Ocasionales
14219.0,89.94,1,7,89.94,1,Ocasionales
14220.0,632.4000000000001,2,21,316.20000000000005,1,Ocasionales
14221.0,3432.8,9,123,381.4222222222222,0,VIP / Premium
14222.0,683.17,1,41,683.17,1,Ocasionales
14223.0,991.13,3,50,330.37666666666667,1,Ocasionales
14224.0,1009.73,4,105,252.4325,2,Recurrentes
14226.0,2214.79,5,64,442.95799999999997,2,Recurrentes
14227.0,3350.96,10,117,335.096,0,VIP / Premium
14229.0,1547.2,3,29,515.7333333333333,2,Recurrentes
14231.0,925.71,3,47,308.57,1,Ocasionales
14232.0,2048.07,5,81,409.61400000000003,2,Recurrentes
14233.0,1462.72,4,30,365.68,2,Recurrentes
14234.0,754.12,4,122,188.53,2,Recurrentes
14235.0,3144.86,5,65,628.972,2,Recurrentes
14236.0,490.86,2,15,245.43,1,Ocasionales
14237.0,161.0,1,9,161.0,1,Ocasionales
14238.0,146.85,1,8,146.85,1,Ocasionales
14239.0,2380.85,11,83,216.4409090909091,2,Recurrentes
14240.0,890.34,2,37,445.17,1,Ocasionales
14241.0,213.70000000000002,1,10,213.70000000000002,1,Ocasionales
14242.0,280.55,2,13,140.275,1,Ocasionales
14243.0,2588.77,10,99,258.877,2,Recurrentes
14245.0,1693.45,2,107,846.725,2,Recurrentes
14246.0,1474.06,3,57,491.3533333333333,2,Recurrentes
14247.0,136.77,1,19,136.77,1,Ocasionales
14248.0,302.58,1,8,302.58,1,Ocasionales
14250.0,1904.05,3,94,634.6833333333333,2,Recurrentes
14251.0,2879.7000000000003,5,37,575.94,2,Recurrentes
14256.0,969.0600000000001,2,51,484.53000000000003,1,Ocasionales
14257.0,3099.7200000000003,5,88,619.9440000000001,2,Recurrentes
14259.0,120.0,1,5,120.0,1,Ocasionales
14261.0,1163.45,2,52,581.725,2,Recurrentes
14262.0,2618.23,8,87,327.27875,2,Recurrentes
14264.0,333.97,2,15,166.985,1,Ocasionales
14265.0,530.18,2,31,265.09,1,Ocasionales
14267.0,1516.24,3,25,505.41333333333336,2,Recurrentes
14270.0,492.65000000000003,1,29,492.65000000000003,1,Ocasionales
14271.0,112.32000000000001,1,10,112.32000000000001,1,Ocasionales
14272.0,437.96,2,33,218.98,1,Ocasionales
14273.0,559.97,4,22,139.9925,1,Ocasionales
14276.0,1119.74,3,52,373.24666666666667,2,Recurrentes
14277.0,4188.0,3,195,1396.0,0,VIP / Premium
14280.0,134.04,1,8,134.04,1,Ocasionales
14282.0,3701.44,15,70,246.76266666666666,0,VIP / Premium
14284.0,595.25,2,24,297.625,1,Ocasionales
14285.0,1910.01,4,18,477.5025,2,Recurrentes
14287.0,176.63,3,9,58.876666666666665,1,Ocasionales
14288.0,426.6,1,16,426.6,1,Ocasionales
14289.0,911.26,6,33,151.87666666666667,2,Recurrentes
14290.0,2314.65,5,89,462.93,2,Recurrentes
14291.0,3883.25,11,145,353.02272727272725,0,VIP / Premium
14292.0,4871.93,9,64,541.3255555555556,0,VIP / Premium
14293.0,1046.56,4,51,261.64,2,Recurrentes
14295.0,166.20000000000002,1,5,166.20000000000002,1,Ocasionales
14297.0,1305.33,4,48,326.3325,2,Recurrentes
14299.0,3965.62,9,94,440.6244444444444,0,VIP / Premium
14300.0,43.2,1,3,43.2,1,Ocasionales
14301.0,640.14,1,13,640.14,1,Ocasionales
14304.0,383.45,1,17,383.45,1,Ocasionales
14305.0,1858.96,3,96,619.6533333333333,2,Recurrentes
14306.0,2093.32,2,33,1046.66,2,Recurrentes
14307.0,2995.7200000000003,6,150,499.2866666666667,0,VIP / Premium
14309.0,2352.53,9,74,261.39222222222224,2,Recurrentes
14311.0,310.26,1,20,310.26,1,Ocasionales
14312.0,1611.5900000000001,6,74,268.59833333333336,2,Recurrentes
14314.0,120.0,1,8,120.0,1,Ocasionales
14315.0,2481.13,6,64,413.5216666666667,2,Recurrentes
14317.0,508.58,1,24,508.58,1,Ocasionales
14320.0,477.79,2,29,238.895,1,Ocasionales
14321.0,1530.75,5,111,306.15,2,Recurrentes
14323.0,605.0600000000001,2,32,302.53000000000003,1,Ocasionales
14326.0,183.85,1,8,183.85,1,Ocasionales
14327.0,311.65000000000003,1,12,311.65000000000003,1,Ocasionales
14329.0,4975.24,7,218,710.7485714285714,0,VIP / Premium
14331.0,462.66,2,27,231.33,1,Ocasionales
14332.0,840.21,3,22,280.07,1,Ocasionales
14333.0,415.2,1,15,415.2,1,Ocasionales
14334.0,2552.21,8,98,319.02625,2,Recurrentes
14335.0,454.86,2,55,227.43,1,Ocasionales
14336.0,1614.91,4,77,403.7275,2,Recurrentes
14338.0,588.22,2,30,294.11,1,Ocasionales
14339.0,309.52000000000004,1,14,309.52000000000004,1,Ocasionales
14340.0,134.7,1,6,134.7,1,Ocasionales
14341.0,2166.98,8,109,270.8725,2,Recurrentes
14342.0,668.5600000000001,4,18,167.14000000000001,1,Ocasionales
14344.0,889.9300000000001,8,56,111.24125000000001,2,Recurrentes
14345.0,108.98,1,6,108.98,1,Ocasionales
14346.0,1021.58,2,55,510.79,1,Ocasionales
14348.0,409.57,1,18,409.57,1,Ocasionales
14349.0,133.5,1,31,133.5,1,Ocasionales
14350.0,282.93,1,18,282.93,1,Ocasionales
14351.0,51.0,1,1,51.0,1,Ocasionales
14352.0,1078.96,4,44,269.74,2,Recurrentes
14353.0,90.6,1,6,90.6,1,Ocasionales
14354.0,163.62,2,9,81.81,1,Ocasionales
14355.0,174.4,1,11,174.4,1,Ocasionales
14356.0,701.23,2,33,350.615,1,Ocasionales
14357.0,225.12,1,39,225.12,1,Ocasionales
14359.0,912.1800000000001,3,44,304.06,1,Ocasionales
14360.0,2118.03,4,104,529.5075,2,Recurrentes
14362.0,151.5,1,37,151.5,1,Ocasionales
14364.0,3717.35,8,61,464.66875,0,VIP / Premium
14368.0,155.0,1,8,155.0,1,Ocasionales
14371.0,100.5,1,4,100.5,1,Ocasionales
14373.0,76.55,1,4,76.55,1,Ocasionales
14375.0,235.56,1,57,235.56,1,Ocasionales
14377.0,617.05,2,11,308.525,1,Ocasionales
14379.0,348.1,2,39,174.05,1,Ocasionales
14381.0,202.68,1,56,202.68,1,Ocasionales
14382.0,615.49,1,121,615.49,2,Recurrentes
14383.0,1247.69,3,49,415.8966666666667,2,Recurrentes
14385.0,202.10999999999999,3,13,67.36999999999999,1,Ocasionales
14386.0,142.4,1,7,142.4,1,Ocasionales
14387.0,1727.6,3,125,575.8666666666667,2,Recurrentes
14388.0,3212.84,8,124,401.605,0,VIP / Premium
14389.0,1043.46,2,33,521.73,1,Ocasionales
14390.0,4642.57,9,135,515.8411111111111,0,VIP / Premium
14393.0,67.95,1,5,67.95,1,Ocasionales
14395.0,3479.91,9,181,386.65666666666664,0,VIP / Premium
14396.0,487.99,2,71,243.995,1,Ocasionales
14397.0,2612.96,19,18,137.52421052631578,0,VIP / Premium
14400.0,574.7,1,25,574.7,1,Ocasionales
14401.0,4051.48,13,113,311.6523076923077,0,VIP / Premium
14403.0,1475.81,4,17,368.9525,2,Recurrentes
14404.0,1449.32,6,70,241.5533333333333,2,Recurrentes
14406.0,156.75,1,8,156.75,1,Ocasionales
14407.0,2157.73,6,67,359.62166666666667,2,Recurrentes
14408.0,2599.03,7,60,371.29,2,Recurrentes
14409.0,2059.4500000000003,6,40,343.24166666666673,2,Recurrentes
14410.0,1100.27,9,153,122.25222222222222,2,Recurrentes
14411.0,1063.0,1,14,1063.0,2,Recurrentes
14412.0,770.03,2,43,385.015,1,Ocasionales
14413.0,121.05,1,22,121.05,1,Ocasionales
14414.0,1496.98,7,79,213.8542857142857,2,Recurrentes
14415.0,5855.57,13,283,450.42846153846153,0,VIP / Premium
14416.0,490.22,2,13,245.11,1,Ocasionales
14418.0,1937.25,3,114,645.75,2,Recurrentes
14419.0,1051.79,6,112,175.29833333333332,2,Recurrentes
14420.0,387.52,1,29,387.52,1,Ocasionales
14421.0,813.11,2,25,406.555,1,Ocasionales
14422.0,4263.64,6,189,710.6066666666667,0,VIP / Premium
14423.0,265.2,1,3,265.2,1,Ocasionales
14424.0,322.08,1,1,322.08,1,Ocasionales
14426.0,4481.67,10,183,448.16700000000003,0,VIP / Premium
14427.0,363.34000000000003,2,16,181.67000000000002,1,Ocasionales
14428.0,1224.06,5,108,244.81199999999998,2,Recurrentes
14431.0,470.36,1,17,470.36,1,Ocasionales
14432.0,2248.5,6,256,374.75,0,VIP / Premium
14434.0,1372.8,6,3,228.79999999999998,2,Recurrentes
14436.0,89.06,1,9,89.06,1,Ocasionales
14437.0,63.0,1,5,63.0,1,Ocasionales
14438.0,131.9,1,9,131.9,1,Ocasionales
14440.0,2357.68,5,33,471.53599999999994,2,Recurrentes
14441.0,1712.89,4,43,428.2225,2,Recurrentes
14442.0,1589.82,2,58,794.91,2,Recurrentes
14443.0,1420.2,4,84,355.05,2,Recurrentes
14446.0,1010.35,4,233,252.5875,2,Recurrentes
14447.0,1163.23,5,54,232.64600000000002,2,Recurrentes
14448.0,375.35,2,20,187.675,1,Ocasionales
14449.0,885.8,4,201,221.45,2,Recurrentes
14450.0,483.25,3,32,161.08333333333334,1,Ocasionales
14451.0,643.9,2,86,321.95,1,Ocasionales
14452.0,259.05,2,55,129.525,1,Ocasionales
14453.0,119.93,1,22,119.93,1,Ocasionales
14457.0,113.64,1,4,113.64,1,Ocasionales
14459.0,1837.92,1,37,1837.92,2,Recurrentes
14460.0,434.34,3,14,144.78,1,Ocasionales
14461.0,2103.06,3,173,701.02,2,Recurrentes
14462.0,1980.57,11,150,180.05181818181816,0,VIP / Premium
14463.0,529.62,3,6,176.54,1,Ocasionales
14465.0,1038.44,3,107,346.1466666666667,2,Recurrentes
14466.0,2272.4,7,35,324.62857142857143,2,Recurrentes
14467.0,596.26,4,67,149.065,1,Ocasionales
14470.0,461.19,2,43,230.595,1,Ocasionales
14472.0,1852.67,8,153,231.58375,2,Recurrentes
14473.0,234.34,2,7,117.17,1,Ocasionales
14474.0,547.66,1,29,547.66,1,Ocasionales
14475.0,925.85,3,35,308.6166666666667,1,Ocasionales
14476.0,193.0,1,17,193.0,1,Ocasionales
14477.0,1309.6,4,7,327.4,1,Ocasionales
14479.0,316.25,2,18,158.125,1,Ocasionales
14480.0,279.05,1,13,279.05,1,Ocasionales
14481.0,636.51,2,25,318.255,1,Ocasionales
14482.0,2022.81,6,110,337.135,2,Recurrentes
14483.0,137.1,1,9,137.1,1,Ocasionales
14484.0,321.92,1,14,321.92,1,Ocasionales
14485.0,162.8,1,44,162.8,1,Ocasionales
14487.0,1165.48,6,112,194.24666666666667,2,Recurrentes
14488.0,1064.28,1,46,1064.28,2,Recurrentes
14489.0,463.38,1,30,463.38,1,Ocasionales
14491.0,340.93,2,17,170.465,1,Ocasionales
14493.0,2383.2400000000002,5,95,476.648,2,Recurrentes
14494.0,139.56,1,7,139.56,1,Ocasionales
14495.0,123.80000000000001,2,6,61.900000000000006,1,Ocasionales
14496.0,538.8100000000001,2,16,269.40500000000003,1,Ocasionales
14497.0,475.37,1,29,475.37,1,Ocasionales
14498.0,1957.32,5,162,391.464,2,Recurrentes
14499.0,808.44,3,146,269.48,2,Recurrentes
14500.0,356.85,3,6,118.95,1,Ocasionales
14501.0,251.21,2,9,125.605,1,Ocasionales
14503.0,3543.26,6,113,590.5433333333334,0,VIP / Premium
14504.0,673.26,4,85,168.315,1,Ocasionales
14506.0,1960.65,5,204,392.13,2,Recurrentes
14507.0,1367.88,6,79,227.98000000000002,2,Recurrentes
14508.0,268.05,2,52,134.025,1,Ocasionales
14511.0,1314.81,5,53,262.962,2,Recurrentes
14512.0,275.28,2,19,137.64,1,Ocasionales
14513.0,455.59000000000003,3,11,151.86333333333334,1,Ocasionales
14514.0,990.2,3,65,330.06666666666666,2,Recurrentes
14515.0,2076.89,6,68,346.1483333333333,2,Recurrentes
14517.0,330.45,2,17,165.225,1,Ocasionales
14518.0,174.37,1,16,174.37,1,Ocasionales
14520.0,270.6,2,3,135.3,1,Ocasionales
14522.0,974.54,4,15,243.635,1,Ocasionales
14523.0,241.09,1,12,241.09,1,Ocasionales
14524.0,1843.83,9,161,204.87,2,Recurrentes
14525.0,4215.9,9,217,468.4333333333333,0,VIP / Premium
14528.0,364.21999999999997,1,18,364.21999999999997,1,Ocasionales
14529.0,578.61,3,177,192.87,2,Recurrentes
14530.0,2862.11,6,140,477.0183333333334,2,Recurrentes
14532.0,932.85,4,45,233.2125,1,Ocasionales
14533.0,1949.72,7,53,278.5314285714286,2,Recurrentes
14535.0,2854.84,3,280,951.6133333333333,0,VIP / Premium
14536.0,170.95,1,18,170.95,1,Ocasionales
14537.0,355.56,1,10,355.56,1,Ocasionales
14538.0,388.25,2,19,194.125,1,Ocasionales
14539.0,537.48,2,31,268.74,1,Ocasionales
14540.0,952.66,3,64,317.55333333333334,1,Ocasionales
14541.0,1453.35,8,71,181.66875,2,Recurrentes
14542.0,103.25,1,5,103.25,1,Ocasionales
14543.0,3599.73,16,43,224.983125,0,VIP / Premium
14544.0,2004.3,2,97,1002.15,2,Recurrentes
14546.0,2573.93,5,250,514.786,0,VIP / Premium
14547.0,3974.75,8,198,496.84375,0,VIP / Premium
14548.0,652.8,2,2,326.4,1,Ocasionales
14549.0,289.24,1,56,289.24,1,Ocasionales
14550.0,757.37,2,38,378.685,1,Ocasionales
14551.0,186.23,2,9,93.115,1,Ocasionales
14552.0,164.22,1,57,164.22,1,Ocasionales
14553.0,859.27,5,103,171.85399999999998,2,Recurrentes
14554.0,2279.4900000000002,4,147,569.8725000000001,2,Recurrentes
14555.0,312.54,2,18,156.27,1,Ocasionales
14557.0,788.38,1,16,788.38,1,Ocasionales
14560.0,2237.77,22,39,101.71681818181818,0,VIP / Premium
14561.0,1080.76,3,67,360.25333333333333,2,Recurrentes
14562.0,5006.77,18,187,278.1538888888889,0,VIP / Premium
14565.0,3099.12,4,111,774.78,2,Recurrentes
14566.0,1432.0,1,4,1432.0,2,Recurrentes
14567.0,1530.3600000000001,2,33,765.1800000000001,2,Recurrentes
14569.0,227.39,1,10,227.39,1,Ocasionales
14570.0,218.06,2,29,109.03,1,Ocasionales
14572.0,2804.54,7,190,400.6485714285714,0,VIP / Premium
14573.0,1639.82,9,127,182.20222222222222,2,Recurrentes
14576.0,35.400000000000006,1,1,35.400000000000006,1,Ocasionales
14577.0,859.71,4,86,214.9275,2,Recurrentes
14578.0,168.63,1,24,168.63,1,Ocasionales
14581.0,138.6,1,16,138.6,1,Ocasionales
14582.0,114.11,1,6,114.11,1,Ocasionales
14583.0,986.96,5,243,197.392,2,Recurrentes
14584.0,1033.06,4,68,258.265,2,Recurrentes
14585.0,157.05,1,29,157.05,1,Ocasionales
14586.0,237.35999999999999,1,19,237.35999999999999,1,Ocasionales
14587.0,1580.29,9,170,175.58777777777777,2,Recurrentes
14589.0,39.75,1,3,39.75,1,Ocasionales
14591.0,1320.21,4,138,330.0525,2,Recurrentes
14592.0,557.94,3,132,185.98000000000002,2,Recurrentes
14593.0,617.15,3,127,205.71666666666667,2,Recurrentes
14594.0,363.33,2,48,181.665,1,Ocasionales
14595.0,1740.6000000000001,6,94,290.1,2,Recurrentes
14597.0,866.24,2,45,433.12,1,Ocasionales
14598.0,221.97,1,49,221.97,1,Ocasionales
14600.0,393.33000000000004,1,25,393.33000000000004,1,Ocasionales
14601.0,213.96,1,7,213.96,1,Ocasionales
14603.0,660.0,1,2,660.0,1,Ocasionales
14608.0,1785.15,4,8,446.2875,2,Recurrentes
14609.0,601.56,4,2,150.39,1,Ocasionales
14616.0,406.08000000000004,3,2,135.36,1,Ocasionales
14618.0,553.44,3,10,184.48000000000002,1,Ocasionales
14619.0,394.44,1,20,394.44,1,Ocasionales
14620.0,412.78000000000003,2,26,206.39000000000001,1,Ocasionales
14621.0,1788.3600000000001,5,80,357.672,2,Recurrentes
14622.0,320.58000000000004,1,21,320.58000000000004,1,Ocasionales
14623.0,886.7,5,108,177.34,2,Recurrentes
14624.0,225.85,2,13,112.925,1,Ocasionales
14625.0,899.63,2,51,449.815,1,Ocasionales
14626.0,2791.27,4,108,697.8175,2,Recurrentes
14628.0,671.96,2,22,335.98,1,Ocasionales
14629.0,955.26,2,133,477.63,2,Recurrentes
14631.0,1006.98,3,38,335.66,1,Ocasionales
14632.0,114.56,1,8,114.56,1,Ocasionales
14633.0,344.90000000000003,1,20,344.90000000000003,1,Ocasionales
14636.0,609.85,2,27,304.925,1,Ocasionales
14638.0,443.6,1,16,443.6,1,Ocasionales
14639.0,2984.4900000000002,6,138,497.415,0,VIP / Premium
14640.0,2107.38,6,87,351.23,2,Recurrentes
14641.0,110.46000000000001,1,7,110.46000000000001,1,Ocasionales
14642.0,96.12,1,2,96.12,1,Ocasionales
14643.0,693.8100000000001,2,30,346.90500000000003,1,Ocasionales
14644.0,830.76,2,26,415.38,1,Ocasionales
14645.0,597.09,2,28,298.545,1,Ocasionales
14647.0,236.04000000000002,1,24,236.04000000000002,1,Ocasionales
14649.0,1402.59,4,148,350.6475,2,Recurrentes
14651.0,653.75,2,95,326.875,1,Ocasionales
14652.0,114.18,1,29,114.18,1,Ocasionales
14653.0,1926.65,7,154,275.2357142857143,2,Recurrentes
14655.0,1932.23,4,35,483.0575,2,Recurrentes
14656.0,291.05,2,73,145.525,1,Ocasionales
14657.0,848.22,4,103,212.055,2,Recurrentes
14658.0,247.15,2,27,123.575,1,Ocasionales
14659.0,2529.93,9,147,281.1033333333333,0,VIP / Premium
14660.0,285.74,2,24,142.87,1,Ocasionales
14661.0,107.95,1,4,107.95,1,Ocasionales
14662.0,741.37,4,143,185.3425,2,Recurrentes
14664.0,636.24,2,78,318.12,1,Ocasionales
14665.0,1835.7,5,63,367.14,2,Recurrentes
14666.0,195.25,1,14,195.25,1,Ocasionales
14669.0,1259.24,3,158,419.74666666666667,2,Recurrentes
14670.0,392.86,2,107,196.43,1,Ocasionales
14672.0,765.5500000000001,2,58,382.77500000000003,1,Ocasionales
14673.0,1736.4,5,39,347.28000000000003,2,Recurrentes
14675.0,596.36,1,93,596.36,1,Ocasionales
14676.0,2548.2400000000002,6,29,424.7066666666667,2,Recurrentes
14681.0,498.95,3,6,166.31666666666666,1,Ocasionales
14682.0,52.0,2,1,26.0,1,Ocasionales
14684.0,1201.51,5,231,240.302,2,Recurrentes
14687.0,628.38,1,15,628.38,1,Ocasionales
14688.0,5579.1,21,148,265.6714285714286,0,VIP / Premium
14689.0,112.80000000000001,1,13,112.80000000000001,1,Ocasionales
14690.0,355.05,2,40,177.525,1,Ocasionales
14691.0,2114.33,5,50,422.866,2,Recurrentes
14692.0,591.55,4,53,147.8875,1,Ocasionales
14693.0,172.9,1,8,172.9,1,Ocasionales
14696.0,2078.95,7,117,296.99285714285713,2,Recurrentes
14697.0,188.61,2,22,94.305,1,Ocasionales
14698.0,1217.27,5,148,243.454,2,Recurrentes
14699.0,109.13000000000001,1,8,109.13000000000001,1,Ocasionales
14700.0,2195.1,3,80,731.6999999999999,2,Recurrentes
14701.0,2526.09,9,268,280.6766666666667,0,VIP / Premium
14702.0,3251.79,17,196,191.28176470588235,0,VIP / Premium
14703.0,318.17,1,22,318.17,1,Ocasionales
14704.0,1493.96,9,288,165.99555555555557,0,VIP / Premium
14705.0,179.0,1,1,179.0,1,Ocasionales
14708.0,1126.3700000000001,3,25,375.4566666666667,1,Ocasionales
14709.0,4921.04,13,71,378.54153846153844,0,VIP / Premium
14710.0,599.48,4,124,149.87,2,Recurrentes
14711.0,2839.62,11,221,258.1472727272727,0,VIP / Premium
14712.0,917.07,3,21,305.69,1,Ocasionales
14713.0,2662.2,11,146,242.0181818181818,0,VIP / Premium
14714.0,160.19,1,10,160.19,1,Ocasionales
14715.0,867.38,4,60,216.845,1,Ocasionales
14716.0,307.51,2,46,153.755,1,Ocasionales
14719.0,1581.84,5,177,316.368,2,Recurrentes
14720.0,663.81,3,34,221.26999999999998,1,Ocasionales
14722.0,180.42,1,28,180.42,1,Ocasionales
14723.0,1122.36,6,193,187.05999999999997,2,Recurrentes
14725.0,655.58,1,45,655.58,1,Ocasionales
14727.0,268.58,1,10,268.58,1,Ocasionales
14729.0,313.49,1,69,313.49,1,Ocasionales
14730.0,1897.57,8,317,237.19625,0,VIP / Premium
14731.0,380.02,3,38,126.67333333333333,1,Ocasionales
14732.0,2702.4900000000002,8,105,337.81125000000003,2,Recurrentes
14737.0,1164.55,3,15,388.18333333333334,1,Ocasionales
14738.0,1314.45,7,39,187.77857142857144,2,Recurrentes
14739.0,3902.28,7,47,557.4685714285714,0,VIP / Premium
14740.0,1448.21,3,85,482.7366666666667,2,Recurrentes
14741.0,1400.3400000000001,6,35,233.39000000000001,2,Recurrentes
14744.0,1099.98,7,21,157.14000000000001,2,Recurrentes
14745.0,1220.26,5,46,244.052,2,Recurrentes
14747.0,328.2,1,18,328.2,1,Ocasionales
14748.0,1415.75,5,87,283.15,2,Recurrentes
14752.0,389.64000000000004,1,5,389.64000000000004,1,Ocasionales
14753.0,563.15,1,30,563.15,1,Ocasionales
14754.0,638.05,2,38,319.025,1,Ocasionales
14755.0,5010.28,11,128,455.47999999999996,0,VIP / Premium
14756.0,738.96,1,38,738.96,1,Ocasionales
14757.0,420.5,1,19,420.5,1,Ocasionales
14758.0,1484.06,4,54,371.015,2,Recurrentes
14759.0,1625.97,3,92,541.99,2,Recurrentes
14760.0,89.2,1,5,89.2,1,Ocasionales
14761.0,255.9,2,11,127.95,1,Ocasionales
14762.0,300.52,1,21,300.52,1,Ocasionales
14764.0,278.3,1,6,278.3,1,Ocasionales
14765.0,254.11,3,38,84.70333333333333,1,Ocasionales
14766.0,2473.37,6,111,412.2283333333333,2,Recurrentes
14768.0,192.60000000000002,2,4,96.30000000000001,1,Ocasionales
14770.0,876.4200000000001,2,49,438.21000000000004,1,Ocasionales
14772.0,139.26,1,9,139.26,1,Ocasionales
14775.0,1011.9,3,57,337.3,1,Ocasionales
14776.0,2538.2999999999997,11,44,230.75454545454542,2,Recurrentes
14778.0,730.86,2,34,365.43,1,Ocasionales
14779.0,386.15,3,40,128.71666666666667,1,Ocasionales
14780.0,447.68,2,26,223.84,1,Ocasionales
14782.0,200.10000000000002,1,6,200.10000000000002,1,Ocasionales
14784.0,289.99,2,15,144.995,1,Ocasionales
14785.0,77.4,2,2,38.7,1,Ocasionales
14788.0,679.44,2,26,339.72,1,Ocasionales
14789.0,197.64,1,6,197.64,1,Ocasionales
14790.0,745.06,4,30,186.265,1,Ocasionales
14792.0,6.2,1,2,6.2,1,Ocasionales
14793.0,228.99,1,14,228.99,1,Ocasionales
14794.0,1319.91,7,68,188.55857142857144,2,Recurrentes
14795.0,131.45000000000002,1,6,131.45000000000002,1,Ocasionales
14798.0,173.74,3,11,57.913333333333334,1,Ocasionales
14799.0,157.7,1,13,157.7,1,Ocasionales
14800.0,4331.79,12,246,360.9825,0,VIP / Premium
14801.0,189.34,1,56,189.34,1,Ocasionales
14803.0,845.5500000000001,3,35,281.85,1,Ocasionales
14804.0,353.27,1,12,353.27,1,Ocasionales
14805.0,546.4,4,30,136.6,1,Ocasionales
14806.0,193.39000000000001,1,11,193.39000000000001,1,Ocasionales
14808.0,2718.6,8,176,339.825,0,VIP / Premium
14810.0,2085.33,11,106,189.57545454545453,2,Recurrentes
14813.0,152.88,2,25,76.44,1,Ocasionales
14815.0,778.5,2,53,389.25,1,Ocasionales
14816.0,271.85,1,4,271.85,1,Ocasionales
14817.0,1110.34,2,52,555.17,2,Recurrentes
14818.0,657.8,3,41,219.26666666666665,1,Ocasionales
14819.0,272.07,2,13,136.035,1,Ocasionales
14820.0,507.29,4,24,126.8225,1,Ocasionales
14821.0,48.800000000000004,1,2,48.800000000000004,1,Ocasionales
14823.0,321.43,3,56,107.14333333333333,1,Ocasionales
14824.0,1127.71,4,19,281.9275,1,Ocasionales
14825.0,2221.01,12,82,185.08416666666668,2,Recurrentes
14828.0,2139.76,3,17,713.2533333333334,2,Recurrentes
14829.0,697.55,4,39,174.3875,1,Ocasionales
14830.0,188.88,1,39,188.88,1,Ocasionales
14834.0,1720.3,6,43,286.71666666666664,2,Recurrentes
14836.0,102.45,3,5,34.15,1,Ocasionales
14837.0,1649.5,4,96,412.375,2,Recurrentes
14840.0,62.85,1,4,62.85,1,Ocasionales
14841.0,3295.76,6,103,549.2933333333334,0,VIP / Premium
14842.0,2824.69,4,128,706.1725,2,Recurrentes
14844.0,3189.81,4,87,797.4525,2,Recurrentes
14847.0,309.40000000000003,1,13,309.40000000000003,1,Ocasionales
14850.0,325.75,1,21,325.75,1,Ocasionales
14851.0,511.35,2,28,255.675,1,Ocasionales
14852.0,2836.69,6,96,472.7816666666667,2,Recurrentes
14853.0,475.8,2,8,237.9,1,Ocasionales
14854.0,2740.03,7,110,391.4328571428572,2,Recurrentes
14855.0,645.65,2,13,322.825,1,Ocasionales
14856.0,1290.53,3,65,430.1766666666667,2,Recurrentes
14857.0,1173.1200000000001,2,58,586.5600000000001,2,Recurrentes
14859.0,1353.74,4,47,338.435,2,Recurrentes
14860.0,170.32,1,11,170.32,1,Ocasionales
14861.0,125.79,1,6,125.79,1,Ocasionales
14862.0,841.2,2,47,420.6,1,Ocasionales
14863.0,266.76,1,11,266.76,1,Ocasionales
14865.0,52.2,2,4,26.1,1,Ocasionales
14867.0,710.28,3,31,236.76,1,Ocasionales
14868.0,2953.59,8,96,369.19875,2,Recurrentes
14869.0,721.45,2,66,360.725,1,Ocasionales
14870.0,327.25,1,13,327.25,1,Ocasionales
14871.0,501.28000000000003,4,68,125.32000000000001,1,Ocasionales
14873.0,519.68,1,28,519.68,1,Ocasionales
14875.0,1465.32,2,46,732.66,2,Recurrentes
14878.0,1476.09,9,62,164.01,2,Recurrentes
14880.0,690.59,3,45,230.1966666666667,1,Ocasionales
14881.0,255.4,1,17,255.4,1,Ocasionales
14882.0,589.7,2,6,294.85,1,Ocasionales
14883.0,761.59,6,39,126.93166666666667,1,Ocasionales
14885.0,765.3199999999999,1,15,765.3199999999999,1,Ocasionales
14886.0,364.8,1,18,364.8,1,Ocasionales
14887.0,1862.0,1,6,1862.0,2,Recurrentes
14888.0,369.2,1,20,369.2,1,Ocasionales
14889.0,135.9,1,10,135.9,1,Ocasionales
14890.0,125.65,1,7,125.65,1,Ocasionales
14891.0,554.38,2,30,277.19,1,Ocasionales
14893.0,1237.8500000000001,2,72,618.9250000000001,2,Recurrentes
14894.0,655.75,1,23,655.75,1,Ocasionales
14896.0,468.77000000000004,2,43,234.38500000000002,1,Ocasionales
14897.0,1366.38,4,43,341.595,2,Recurrentes
14898.0,1269.31,6,86,211.55166666666665,2,Recurrentes
14901.0,1421.29,9,73,157.92111111111112,2,Recurrentes
14902.0,332.66,1,20,332.66,1,Ocasionales
14903.0,2795.33,5,227,559.066,0,VIP / Premium
14904.0,1025.44,2,66,512.72,2,Recurrentes
14905.0,616.15,2,14,308.075,1,Ocasionales
14907.0,3501.1,7,125,500.15714285714284,0,VIP / Premium
14908.0,277.8,1,9,277.8,1,Ocasionales
14910.0,434.35,4,25,108.5875,1,Ocasionales
14912.0,867.85,2,21,433.925,1,Ocasionales
14913.0,1227.43,4,76,306.8575,2,Recurrentes
14915.0,307.48,2,12,153.74,1,Ocasionales
14916.0,1268.98,4,72,317.245,2,Recurrentes
14918.0,1610.15,2,39,805.075,2,Recurrentes
14920.0,977.77,2,57,488.885,1,Ocasionales
14921.0,1316.07,2,78,658.035,2,Recurrentes
14923.0,749.1,1,44,749.1,1,Ocasionales
14924.0,310.05,1,10,310.05,1,Ocasionales
14929.0,223.88,1,11,223.88,1,Ocasionales
14930.0,2362.96,3,116,787.6533333333333,2,Recurrentes
14931.0,1257.68,5,30,251.536,2,Recurrentes
14932.0,363.53,1,17,363.53,1,Ocasionales
14934.0,1890.94,2,68,945.47,2,Recurrentes
14935.0,1784.71,1,10,1784.71,2,Recurrentes
14937.0,1621.88,3,33,540.6266666666667,2,Recurrentes
14944.0,5900.25,12,101,491.6875,0,VIP / Premium
14946.0,100.9,1,3,100.9,1,Ocasionales
14947.0,290.82,2,14,145.41,1,Ocasionales
14948.0,1101.97,6,56,183.66166666666666,2,Recurrentes
14950.0,371.2,1,19,371.2,1,Ocasionales
14951.0,311.69,1,20,311.69,1,Ocasionales
14952.0,8099.49,11,117,736.3172727272727,0,VIP / Premium
14953.0,285.67,1,54,285.67,1,Ocasionales
14954.0,294.85,1,75,294.85,1,Ocasionales
14957.0,58.49,1,12,58.49,1,Ocasionales
14958.0,483.73,3,33,161.24333333333334,1,Ocasionales
14959.0,695.42,4,37,173.855,1,Ocasionales
14960.0,221.27,2,23,110.635,1,Ocasionales
14961.0,7044.68,9,193,782.7422222222223,0,VIP / Premium
14962.0,126.7,1,5,126.7,1,Ocasionales
14963.0,1472.34,5,149,294.46799999999996,2,Recurrentes
14964.0,206.21,1,13,206.21,1,Ocasionales
14965.0,596.09,2,80,298.045,1,Ocasionales
14966.0,183.02,1,35,183.02,1,Ocasionales
14967.0,463.8,1,6,463.8,1,Ocasionales
14968.0,147.59,1,37,147.59,1,Ocasionales
14970.0,1592.06,4,24,398.015,2,Recurrentes
14971.0,1097.98,3,144,365.99333333333334,2,Recurrentes
14972.0,114.77,1,18,114.77,1,Ocasionales
14973.0,1314.45,3,29,438.15000000000003,2,Recurrentes
14974.0,89.94,1,17,89.94,1,Ocasionales
14975.0,279.94,1,11,279.94,1,Ocasionales
14976.0,790.86,7,47,112.98,2,Recurrentes
14978.0,1921.3700000000001,5,136,384.274,2,Recurrentes
14981.0,102.12,1,8,102.12,1,Ocasionales
14984.0,202.37,2,37,101.185,1,Ocasionales
14985.0,292.01,2,78,146.005,1,Ocasionales
14987.0,326.4,2,2,163.2,1,Ocasionales
14988.0,334.54,1,40,334.54,1,Ocasionales
14995.0,231.98000000000002,2,53,115.99000000000001,1,Ocasionales
14997.0,546.1999999999999,3,25,182.06666666666663,1,Ocasionales
14998.0,414.87,2,70,207.435,1,Ocasionales
15000.0,490.52,1,76,490.52,1,Ocasionales
15002.0,1641.76,4,93,410.44,2,Recurrentes
15004.0,1220.77,1,154,1220.77,2,Recurrentes
15006.0,480.38,1,121,480.38,1,Ocasionales
15007.0,156.91,1,12,156.91,1,Ocasionales
15009.0,1259.43,3,148,419.81,2,Recurrentes
15010.0,308.94,1,20,308.94,1,Ocasionales
15012.0,405.04,2,110,202.52,1,Ocasionales
15014.0,257.67,2,29,128.835,1,Ocasionales
15016.0,170.04,1,20,170.04,1,Ocasionales
15017.0,125.58,1,20,125.58,1,Ocasionales
15018.0,496.21,3,30,165.40333333333334,1,Ocasionales
15019.0,252.81,1,64,252.81,1,Ocasionales
15021.0,1871.77,9,287,207.97444444444443,0,VIP / Premium
15022.0,852.39,4,96,213.0975,2,Recurrentes
15024.0,1636.43,10,105,163.643,2,Recurrentes
15025.0,361.96,1,66,361.96,1,Ocasionales
15026.0,469.0,3,57,156.33333333333334,1,Ocasionales
15027.0,1066.15,4,30,266.5375,1,Ocasionales
15028.0,627.13,4,35,156.7825,1,Ocasionales
15030.0,518.28,2,7,259.14,1,Ocasionales
15031.0,653.19,4,74,163.2975,1,Ocasionales
15032.0,4959.1,3,29,1653.0333333333335,0,VIP / Premium
15033.0,2557.18,10,315,255.718,0,VIP / Premium
15034.0,4274.16,8,299,534.27,0,VIP / Premium
15035.0,252.73000000000002,1,26,252.73000000000002,1,Ocasionales
15036.0,429.56,3,107,143.18666666666667,1,Ocasionales
15038.0,685.74,6,105,114.29,2,Recurrentes
15041.0,179.93,1,66,179.93,1,Ocasionales
15042.0,135.93,1,5,135.93,1,Ocasionales
15043.0,537.0,1,3,537.0,1,Ocasionales
15045.0,735.66,2,11,367.83,1,Ocasionales
15046.0,5090.42,15,147,339.36133333333333,0,VIP / Premium
15047.0,343.62,1,22,343.62,1,Ocasionales
15048.0,381.0,4,86,95.25,1,Ocasionales
15049.0,121.17000000000002,1,3,121.17000000000002,1,Ocasionales
15050.0,1737.69,3,68,579.23,2,Recurrentes
15051.0,1383.36,3,130,461.11999999999995,2,Recurrentes
15052.0,207.73000000000002,1,27,207.73000000000002,1,Ocasionales
15053.0,693.95,3,49,231.3166666666667,1,Ocasionales
15054.0,302.1,2,105,151.05,1,Ocasionales
15057.0,1489.5,2,25,744.75,2,Recurrentes
15058.0,2102.54,11,199,191.14,0,VIP / Premium
15059.0,1337.72,9,161,148.63555555555556,2,Recurrentes
15060.0,294.25,4,81,73.5625,1,Ocasionales
15062.0,987.86,4,47,246.965,1,Ocasionales
15063.0,370.79999999999995,1,5,370.79999999999995,1,Ocasionales
15065.0,3158.13,4,148,789.5325,0,VIP / Premium
15066.0,893.59,1,42,893.59,2,Recurrentes
15067.0,1744.76,3,82,581.5866666666667,2,Recurrentes
15068.0,553.36,2,96,276.68,1,Ocasionales
15069.0,1109.53,1,70,1109.53,2,Recurrentes
15070.0,106.2,1,1,106.2,1,Ocasionales
15071.0,982.07,2,25,491.035,1,Ocasionales
15073.0,1043.41,3,31,347.80333333333334,1,Ocasionales
15074.0,735.67,1,41,735.67,1,Ocasionales
15075.0,773.03,1,27,773.03,1,Ocasionales
15076.0,880.85,1,49,880.85,2,Recurrentes
15079.0,895.61,4,46,223.9025,1,Ocasionales
15081.0,504.8,5,26,100.96000000000001,1,Ocasionales
15083.0,88.2,1,5,88.2,1,Ocasionales
15087.0,306.94,1,15,306.94,1,Ocasionales
15088.0,1160.07,2,53,580.035,2,Recurrentes
15089.0,2420.84,6,139,403.47333333333336,2,Recurrentes
15090.0,381.32,1,23,381.32,1,Ocasionales
15091.0,480.71,1,30,480.71,1,Ocasionales
15092.0,457.81,2,23,228.905,1,Ocasionales
15093.0,4597.02,6,52,766.1700000000001,0,VIP / Premium
15095.0,1370.6000000000001,4,30,342.65000000000003,2,Recurrentes
15096.0,219.39000000000001,1,11,219.39000000000001,1,Ocasionales
15097.0,248.08,1,25,248.08,1,Ocasionales
15099.0,410.48,1,23,410.48,1,Ocasionales
15100.0,876.0,3,1,292.0,1,Ocasionales
15101.0,317.53000000000003,2,8,158.76500000000001,1,Ocasionales
15103.0,703.36,2,35,351.68,1,Ocasionales
15104.0,993.54,2,66,496.77,2,Recurrentes
15105.0,2298.93,7,90,328.4185714285714,2,Recurrentes
15106.0,1422.52,5,90,284.504,2,Recurrentes
15107.0,319.5,6,12,53.25,1,Ocasionales
15108.0,1300.25,4,50,325.0625,2,Recurrentes
15109.0,484.95,1,28,484.95,1,Ocasionales
15110.0,996.1,4,17,249.025,1,Ocasionales
15111.0,1567.48,3,70,522.4933333333333,2,Recurrentes
15113.0,3509.43,3,77,1169.81,0,VIP / Premium
15114.0,2760.56,10,136,276.056,0,VIP / Premium
15115.0,340.11,1,21,340.11,1,Ocasionales
15116.0,1352.75,4,37,338.1875,2,Recurrentes
15117.0,1551.78,5,63,310.356,2,Recurrentes
15118.0,244.8,1,1,244.8,1,Ocasionales
15119.0,266.4,1,14,266.4,1,Ocasionales
15120.0,358.82,1,21,358.82,1,Ocasionales
15121.0,457.72,2,28,228.86,1,Ocasionales
15122.0,1633.78,3,65,544.5933333333334,2,Recurrentes
15123.0,2199.31,2,93,1099.655,2,Recurrentes
15124.0,184.19,2,14,92.095,1,Ocasionales
15127.0,406.53000000000003,1,16,406.53000000000003,1,Ocasionales
15128.0,1471.0,4,74,367.75,2,Recurrentes
15129.0,3447.4,11,54,313.40000000000003,0,VIP / Premium
15130.0,330.11,1,22,330.11,1,Ocasionales
15132.0,977.9300000000001,5,49,195.586,2,Recurrentes
15133.0,982.42,3,27,327.4733333333333,1,Ocasionales
15134.0,1387.99,8,44,173.49875,2,Recurrentes
15135.0,139.05,1,9,139.05,1,Ocasionales
15136.0,1286.7,4,61,321.675,2,Recurrentes
15139.0,178.96,2,13,89.48,1,Ocasionales
15140.0,2354.25,7,74,336.32142857142856,2,Recurrentes
15142.0,498.74,1,26,498.74,1,Ocasionales
15143.0,259.45,1,14,259.45,1,Ocasionales
15144.0,6580.4400000000005,17,132,387.084705882353,0,VIP / Premium
15145.0,1194.73,4,54,298.6825,2,Recurrentes
15146.0,1327.16,2,90,663.58,2,Recurrentes
15147.0,623.5,1,28,623.5,1,Ocasionales
15148.0,301.29,1,20,301.29,1,Ocasionales
15149.0,520.8000000000001,1,23,520.8000000000001,1,Ocasionales
15150.0,5291.33,10,282,529.133,0,VIP / Premium
15152.0,4745.69,13,196,365.0530769230769,0,VIP / Premium
15153.0,329.25,1,22,329.25,1,Ocasionales
15154.0,254.28,1,66,254.28,1,Ocasionales
15156.0,961.49,3,51,320.49666666666667,1,Ocasionales
15157.0,1936.07,3,125,645.3566666666667,2,Recurrentes
15158.0,401.40000000000003,1,7,401.40000000000003,1,Ocasionales
15160.0,158.16,1,4,158.16,1,Ocasionales
15163.0,304.47,2,29,152.235,1,Ocasionales
15164.0,824.58,3,79,274.86,1,Ocasionales
15165.0,487.75,1,27,487.75,1,Ocasionales
15167.0,158.8,1,39,158.8,1,Ocasionales
15168.0,106.56,1,5,106.56,1,Ocasionales
15171.0,1289.5,1,5,1289.5,2,Recurrentes
15172.0,1624.05,5,106,324.81,2,Recurrentes
15174.0,135.75,1,11,135.75,1,Ocasionales
15175.0,224.14,1,23,224.14,1,Ocasionales
15178.0,40.5,1,3,40.5,1,Ocasionales
15179.0,2206.9500000000003,5,91,441.39000000000004,2,Recurrentes
15180.0,87.5,1,6,87.5,1,Ocasionales
15181.0,689.48,3,11,229.82666666666668,1,Ocasionales
15182.0,622.85,2,24,311.425,1,Ocasionales
15184.0,402.2,2,59,201.1,1,Ocasionales
15185.0,310.62,1,21,310.62,1,Ocasionales
15186.0,411.41,2,17,205.705,1,Ocasionales
15187.0,4777.18,16,61,298.57375,0,VIP / Premium
15192.0,1044.32,3,36,348.1066666666666,1,Ocasionales
15193.0,499.32,1,19,499.32,1,Ocasionales
15194.0,7616.53,15,209,507.76866666666666,0,VIP / Premium
15197.0,1079.61,3,30,359.86999999999995,1,Ocasionales
15198.0,193.64,2,10,96.82,1,Ocasionales
15199.0,1268.7,4,5,317.175,1,Ocasionales
15201.0,1236.54,5,35,247.308,2,Recurrentes
15203.0,1827.8,6,82,304.6333333333333,2,Recurrentes
15204.0,316.58,1,9,316.58,1,Ocasionales
15205.0,653.24,2,37,326.62,1,Ocasionales
15206.0,420.3,4,3,105.075,1,Ocasionales
15208.0,870.12,5,25,174.024,1,Ocasionales
15210.0,331.18,1,20,331.18,1,Ocasionales
15211.0,894.4100000000001,2,52,447.20500000000004,1,Ocasionales
15212.0,101.8,1,5,101.8,1,Ocasionales
15213.0,328.35,2,22,164.175,1,Ocasionales
15214.0,1661.44,8,109,207.68,2,Recurrentes
15215.0,734.94,3,33,244.98000000000002,1,Ocasionales
15216.0,96.6,1,2,96.6,1,Ocasionales
15218.0,5756.89,11,77,523.3536363636364,0,VIP / Premium
15219.0,305.75,1,9,305.75,1,Ocasionales
15220.0,1778.96,6,110,296.49333333333334,2,Recurrentes
15221.0,403.25,1,5,403.25,1,Ocasionales
15222.0,585.0,1,5,585.0,1,Ocasionales
15223.0,755.75,2,14,377.875,1,Ocasionales
15224.0,322.08,2,13,161.04,1,Ocasionales
15225.0,409.40000000000003,1,23,409.40000000000003,1,Ocasionales
15226.0,154.41,1,8,154.41,1,Ocasionales
15227.0,1219.4,5,43,243.88000000000002,2,Recurrentes
15228.0,3386.71,4,110,846.6775,0,VIP / Premium
15230.0,429.6,2,23,214.8,1,Ocasionales
15232.0,612.06,2,26,306.03,1,Ocasionales
15234.0,197.0,1,14,197.0,1,Ocasionales
15235.0,2247.51,12,132,187.29250000000002,0,VIP / Premium
15236.0,321.05,1,15,321.05,1,Ocasionales
15237.0,1412.32,4,94,353.08,2,Recurrentes
15238.0,1071.99,3,49,357.33,1,Ocasionales
15239.0,780.59,2,48,390.295,1,Ocasionales
15240.0,1706.57,5,58,341.31399999999996,2,Recurrentes
15241.0,1756.44,8,82,219.555,2,Recurrentes
15243.0,316.68,1,22,316.68,1,Ocasionales
15244.0,631.57,2,31,315.785,1,Ocasionales
15245.0,2515.84,3,55,838.6133333333333,2,Recurrentes
15246.0,514.15,2,32,257.075,1,Ocasionales
15247.0,356.0,1,6,356.0,1,Ocasionales
15249.0,6688.46,13,211,514.496923076923,0,VIP / Premium
15252.0,740.78,2,44,370.39,1,Ocasionales
15253.0,918.2,5,52,183.64000000000001,2,Recurrentes
15254.0,300.36,1,18,300.36,1,Ocasionales
15255.0,890.85,1,47,890.85,2,Recurrentes
15256.0,98.45,1,6,98.45,1,Ocasionales
15257.0,317.15,1,7,317.15,1,Ocasionales
15258.0,623.16,2,32,311.58,1,Ocasionales
15260.0,1810.77,7,62,258.68142857142857,2,Recurrentes
15261.0,254.82,1,19,254.82,1,Ocasionales
15262.0,178.95000000000002,1,10,178.95000000000002,1,Ocasionales
15263.0,156.51,1,12,156.51,1,Ocasionales
15264.0,393.74,1,23,393.74,1,Ocasionales
15265.0,1506.1200000000001,2,76,753.0600000000001,2,Recurrentes
15266.0,119.3,1,6,119.3,1,Ocasionales
15267.0,1717.36,5,8,343.472,2,Recurrentes
15269.0,408.8,1,2,408.8,1,Ocasionales
15270.0,2379.49,7,22,339.9271428571428,2,Recurrentes
15271.0,2493.34,15,184,166.22266666666667,0,VIP / Premium
15272.0,721.94,2,63,360.97,1,Ocasionales
15274.0,716.57,2,44,358.285,1,Ocasionales
15275.0,615.14,1,41,615.14,1,Ocasionales
15276.0,128.63,1,49,128.63,1,Ocasionales
15277.0,255.89999999999998,1,12,255.89999999999998,1,Ocasionales
15279.0,290.51,1,19,290.51,1,Ocasionales
15280.0,113.12,1,16,113.12,1,Ocasionales
15281.0,2332.15,9,121,259.1277777777778,2,Recurrentes
15286.0,240.55,1,3,240.55,1,Ocasionales
15287.0,486.69,2,17,243.345,1,Ocasionales
15288.0,2306.52,5,80,461.304,2,Recurrentes
15289.0,939.78,3,43,313.26,1,Ocasionales
15290.0,7943.22,18,93,441.29,0,VIP / Premium
15291.0,4668.3,15,62,311.22,0,VIP / Premium
15292.0,178.39,1,24,178.39,1,Ocasionales
15296.0,3672.86,6,137,612.1433333333333,0,VIP / Premium
15297.0,641.94,3,30,213.98000000000002,1,Ocasionales
15298.0,4799.9,12,115,399.9916666666666,0,VIP / Premium
15299.0,4507.01,7,7,643.8585714285715,0,VIP / Premium
15300.0,496.44,1,28,496.44,1,Ocasionales
15301.0,5049.95,12,167,420.82916666666665,0,VIP / Premium
15303.0,574.02,1,31,574.02,1,Ocasionales
15304.0,694.4,8,8,86.8,2,Recurrentes
15306.0,1174.3500000000001,3,57,391.45000000000005,2,Recurrentes
15307.0,205.3,1,12,205.3,1,Ocasionales
15308.0,310.47,1,19,310.47,1,Ocasionales
15312.0,924.85,4,42,231.2125,1,Ocasionales
15313.0,52.0,1,1,52.0,1,Ocasionales
15314.0,327.97,1,24,327.97,1,Ocasionales
15315.0,570.5,2,35,285.25,1,Ocasionales
15316.0,165.0,1,1,165.0,1,Ocasionales
15318.0,312.62,1,33,312.62,1,Ocasionales
15319.0,204.5,1,16,204.5,1,Ocasionales
15320.0,267.13,1,36,267.13,1,Ocasionales
15321.0,2748.31,3,83,916.1033333333334,2,Recurrentes
15322.0,679.68,1,42,679.68,1,Ocasionales
15325.0,161.74,1,47,161.74,1,Ocasionales
15326.0,311.71,1,29,311.71,1,Ocasionales
15327.0,208.75,1,10,208.75,1,Ocasionales
15329.0,1049.7,3,51,349.90000000000003,1,Ocasionales
15330.0,714.9599999999999,2,10,357.47999999999996,1,Ocasionales
15332.0,1661.06,4,29,415.265,2,Recurrentes
15333.0,1028.56,1,16,1028.56,2,Recurrentes
15334.0,350.82,3,67,116.94,1,Ocasionales
15335.0,170.22,1,34,170.22,1,Ocasionales
15339.0,574.07,2,77,287.035,1,Ocasionales
15341.0,2020.52,1,17,2020.52,2,Recurrentes
15342.0,406.09000000000003,1,24,406.09000000000003,1,Ocasionales
15343.0,364.5,1,21,364.5,1,Ocasionales
15344.0,563.94,3,21,187.98000000000002,1,Ocasionales
15345.0,393.54,1,20,393.54,1,Ocasionales
15346.0,252.42000000000002,1,17,252.42000000000002,1,Ocasionales
15347.0,201.60000000000002,1,5,201.60000000000002,1,Ocasionales
15348.0,158.04,1,9,158.04,1,Ocasionales
15349.0,463.91,2,65,231.955,1,Ocasionales
15350.0,115.65,1,5,115.65,1,Ocasionales
15351.0,1934.66,7,157,276.38,2,Recurrentes
15353.0,770.12,2,59,385.06,1,Ocasionales
15355.0,277.05,2,9,138.525,1,Ocasionales
15356.0,2718.03,10,215,271.803,0,VIP / Premium
15360.0,427.93,1,13,427.93,1,Ocasionales
15361.0,418.92,1,7,418.92,1,Ocasionales
15363.0,326.0,1,16,326.0,1,Ocasionales
15364.0,913.19,2,29,456.595,1,Ocasionales
15365.0,2314.32,7,65,330.6171428571429,2,Recurrentes
15366.0,602.51,2,37,301.255,1,Ocasionales
15367.0,1877.5900000000001,4,91,469.39750000000004,2,Recurrentes
15368.0,446.94000000000005,1,4,446.94000000000005,1,Ocasionales
15370.0,2386.05,7,65,340.86428571428576,2,Recurrentes
15372.0,2007.4,1,27,2007.4,2,Recurrentes
15373.0,2415.91,12,74,201.32583333333332,2,Recurrentes
15374.0,168.0,1,3,168.0,1,Ocasionales
15376.0,1221.56,3,100,407.18666666666667,2,Recurrentes
15379.0,3703.29,7,145,529.0414285714286,0,VIP / Premium
15380.0,1690.26,5,22,338.052,2,Recurrentes
15381.0,596.85,2,8,298.425,1,Ocasionales
15382.0,5955.71,6,193,992.6183333333333,0,VIP / Premium
15384.0,642.41,2,34,321.205,1,Ocasionales
15385.0,316.88,1,12,316.88,1,Ocasionales
15386.0,394.14,1,31,394.14,1,Ocasionales
15388.0,140.54,1,10,140.54,1,Ocasionales
15389.0,500.0,1,1,500.0,1,Ocasionales
15392.0,1535.53,4,74,383.8825,2,Recurrentes
15393.0,231.86,2,10,115.93,1,Ocasionales
15394.0,2183.54,4,54,545.885,2,Recurrentes
15395.0,107.45,1,7,107.45,1,Ocasionales
15396.0,288.18,1,14,288.18,1,Ocasionales
15397.0,94.0,1,6,94.0,1,Ocasionales
15398.0,1345.53,2,60,672.765,2,Recurrentes
15399.0,815.77,3,45,271.92333333333335,1,Ocasionales
15400.0,716.2,5,10,143.24,1,Ocasionales
15402.0,626.77,2,35,313.385,1,Ocasionales
15405.0,349.1,1,8,349.1,1,Ocasionales
15406.0,510.71000000000004,2,51,255.35500000000002,1,Ocasionales
15407.0,1046.74,4,142,261.685,2,Recurrentes
15408.0,267.18,1,34,267.18,1,Ocasionales
15410.0,3450.84,8,48,431.355,2,Recurrentes
15411.0,1348.93,4,86,337.2325,2,Recurrentes
15412.0,190.53,1,10,190.53,1,Ocasionales
15414.0,774.9000000000001,3,37,258.3,1,Ocasionales
15415.0,559.61,1,46,559.61,1,Ocasionales
15416.0,3984.32,4,165,996.08,0,VIP / Premium
15417.0,508.8,1,28,508.8,1,Ocasionales
15419.0,135.86,1,8,135.86,1,Ocasionales
15421.0,950.36,4,40,237.59,1,Ocasionales
15422.0,97.7,2,6,48.85,1,Ocasionales
15423.0,43.5,1,2,43.5,1,Ocasionales
15424.0,383.34,2,17,191.67,1,Ocasionales
15426.0,1404.07,5,217,280.81399999999996,2,Recurrentes
15427.0,1430.54,3,233,476.84666666666664,2,Recurrentes
15428.0,93.78,1,6,93.78,1,Ocasionales
15429.0,397.35,2,77,198.675,1,Ocasionales
15432.0,171.19000000000003,1,10,171.19000000000003,1,Ocasionales
15433.0,533.3,2,40,266.65,1,Ocasionales
15434.0,1041.48,5,40,208.296,2,Recurrentes
15435.0,149.29,1,29,149.29,1,Ocasionales
15436.0,1067.75,3,243,355.9166666666667,2,Recurrentes
15437.0,200.16,1,44,200.16,1,Ocasionales
15438.0,156.57999999999998,1,25,156.57999999999998,1,Ocasionales
15440.0,383.68,3,50,127.89333333333333,1,Ocasionales
15442.0,594.0,1,2,594.0,1,Ocasionales
15443.0,3213.59,7,237,459.0842857142857,0,VIP / Premium
15444.0,1411.21,2,191,705.605,2,Recurrentes
15445.0,113.5,1,5,113.5,1,Ocasionales
15447.0,155.17000000000002,1,9,155.17000000000002,1,Ocasionales
15448.0,494.64,1,28,494.64,1,Ocasionales
15449.0,974.52,3,47,324.84,1,Ocasionales
15450.0,429.84,1,30,429.84,1,Ocasionales
15452.0,528.48,3,47,176.16,1,Ocasionales
15453.0,1371.77,7,169,195.96714285714285,2,Recurrentes
15454.0,179.1,1,23,179.1,1,Ocasionales
15456.0,434.59,3,48,144.86333333333332,1,Ocasionales
15457.0,237.07,1,56,237.07,1,Ocasionales
15458.0,161.64,1,7,161.64,1,Ocasionales
15460.0,214.26,1,53,214.26,1,Ocasionales
15462.0,234.6,3,9,78.2,1,Ocasionales
15463.0,126.14,1,7,126.14,1,Ocasionales
15464.0,1044.65,1,155,1044.65,2,Recurrentes
15465.0,7354.62,18,43,408.59,0,VIP / Premium
15466.0,334.53,1,56,334.53,1,Ocasionales
15467.0,524.88,3,41,174.96,1,Ocasionales
15468.0,467.51,2,24,233.755,1,Ocasionales
15469.0,538.55,2,24,269.275,1,Ocasionales
15471.0,454.48,1,67,454.48,1,Ocasionales
15472.0,371.56,1,76,371.56,1,Ocasionales
15473.0,1771.2,7,4,253.02857142857144,2,Recurrentes
15475.0,454.11,1,29,454.11,1,Ocasionales
15478.0,1399.92,2,34,699.96,2,Recurrentes
15480.0,905.5,1,45,905.5,2,Recurrentes
15483.0,225.26,4,74,56.315,1,Ocasionales
15484.0,3590.41,4,135,897.6025,0,VIP / Premium
15485.0,2564.5,3,59,854.8333333333334,2,Recurrentes
15488.0,91.32000000000001,1,2,91.32000000000001,1,Ocasionales
15489.0,1134.28,3,47,378.0933333333333,2,Recurrentes
15491.0,3100.09,6,108,516.6816666666667,2,Recurrentes
15492.0,659.46,2,32,329.73,1,Ocasionales
15493.0,1953.41,5,177,390.682,2,Recurrentes
15494.0,1280.58,2,120,640.29,2,Recurrentes
15497.0,1262.2,2,13,631.1,1,Ocasionales
15500.0,1131.56,4,64,282.89,2,Recurrentes
15503.0,141.04,1,66,141.04,1,Ocasionales
15504.0,52.83,1,13,52.83,1,Ocasionales
15505.0,3610.96,5,90,722.192,0,VIP / Premium
15506.0,972.08,3,121,324.0266666666667,2,Recurrentes
15507.0,475.86,1,41,475.86,1,Ocasionales
15508.0,1000.27,6,78,166.71166666666667,2,Recurrentes
15510.0,250.0,1,1,250.0,1,Ocasionales
15511.0,900.53,5,117,180.106,2,Recurrentes
15512.0,121.0,2,7,60.5,1,Ocasionales
15514.0,4023.7200000000003,11,96,365.7927272727273,0,VIP / Premium
15516.0,62.43,3,15,20.81,1,Ocasionales
15517.0,267.03,1,27,267.03,1,Ocasionales
15518.0,1921.55,8,135,240.19375,2,Recurrentes
15520.0,343.5,1,18,343.5,1,Ocasionales
15521.0,3000.2,8,116,375.025,0,VIP / Premium
15522.0,397.99,2,47,198.995,1,Ocasionales
15523.0,412.01000000000005,1,10,412.01000000000005,1,Ocasionales
15524.0,440.0,1,1,440.0,1,Ocasionales
15525.0,734.37,3,133,244.79,2,Recurrentes
15526.0,148.44,2,4,74.22,1,Ocasionales
15527.0,2428.53,8,127,303.56625,2,Recurrentes
15528.0,229.33,1,26,229.33,1,Ocasionales
15530.0,1497.31,4,90,374.3275,2,Recurrentes
15531.0,1972.39,2,196,986.195,2,Recurrentes
15532.0,1564.73,4,205,391.1825,2,Recurrentes
15533.0,807.57,3,73,269.19,1,Ocasionales
15535.0,502.9,4,55,125.725,1,Ocasionales
15537.0,110.92,1,24,110.92,1,Ocasionales
15539.0,538.46,1,41,538.46,1,Ocasionales
15540.0,213.3,1,15,213.3,1,Ocasionales
15541.0,85.13000000000001,1,29,85.13000000000001,1,Ocasionales
15543.0,127.86,1,26,127.86,1,Ocasionales
15544.0,3546.71,9,122,394.0788888888889,0,VIP / Premium
15545.0,288.96999999999997,2,78,144.48499999999999,1,Ocasionales
15549.0,1681.46,3,104,560.4866666666667,2,Recurrentes
15550.0,575.63,4,43,143.9075,1,Ocasionales
15551.0,436.06,1,29,436.06,1,Ocasionales
15552.0,90.12,1,17,90.12,1,Ocasionales
15553.0,428.93,1,51,428.93,1,Ocasionales
15554.0,217.2,1,14,217.2,1,Ocasionales
15556.0,279.77,1,31,279.77,1,Ocasionales
15557.0,468.91,1,16,468.91,1,Ocasionales
15561.0,800.5899999999999,4,27,200.14749999999998,1,Ocasionales
15562.0,134.55,1,1,134.55,1,Ocasionales
15563.0,1400.44,4,88,350.11,2,Recurrentes
15565.0,173.16000000000003,2,8,86.58000000000001,1,Ocasionales
15567.0,186.01,1,7,186.01,1,Ocasionales
15568.0,758.29,3,27,252.76333333333332,1,Ocasionales
15569.0,1375.71,5,27,275.142,2,Recurrentes
15570.0,4148.82,12,231,345.73499999999996,0,VIP / Premium
15571.0,650.4300000000001,4,47,162.60750000000002,1,Ocasionales
15572.0,2533.42,7,166,361.9171428571429,0,VIP / Premium
15573.0,591.1899999999999,2,88,295.59499999999997,1,Ocasionales
15574.0,675.64,4,131,168.91,2,Recurrentes
15576.0,921.37,1,43,921.37,2,Recurrentes
15577.0,258.88,3,39,86.29333333333334,1,Ocasionales
15578.0,127.1,1,13,127.1,1,Ocasionales
15579.0,327.6,2,45,163.8,1,Ocasionales
15581.0,3675.77,13,134,282.7515384615385,0,VIP / Premium
15582.0,682.9100000000001,3,39,227.63666666666668,1,Ocasionales
15584.0,720.86,4,89,180.215,2,Recurrentes
15585.0,455.3,1,31,455.3,1,Ocasionales
15587.0,913.68,4,3,228.42,1,Ocasionales
15589.0,478.53,3,28,159.51,1,Ocasionales
15592.0,388.58,1,24,388.58,1,Ocasionales
15593.0,199.8,1,5,199.8,1,Ocasionales
15594.0,1771.78,5,85,354.356,2,Recurrentes
15596.0,1406.59,5,51,281.318,2,Recurrentes
15597.0,324.57,1,22,324.57,1,Ocasionales
15598.0,240.68,1,14,240.68,1,Ocasionales
15599.0,761.74,2,50,380.87,1,Ocasionales
15601.0,6776.56,14,230,484.04,0,VIP / Premium
15602.0,1297.8700000000001,9,30,144.20777777777778,2,Recurrentes
15603.0,48.480000000000004,1,2,48.480000000000004,1,Ocasionales
15604.0,216.39000000000001,1,17,216.39000000000001,1,Ocasionales
15605.0,1198.23,5,61,239.64600000000002,2,Recurrentes
15606.0,2920.16,9,48,324.4622222222222,2,Recurrentes
15607.0,104.76,1,13,104.76,1,Ocasionales
15608.0,1093.68,4,59,273.42,2,Recurrentes
15609.0,298.48,1,16,298.48,1,Ocasionales
15610.0,112.46000000000001,1,6,112.46000000000001,1,Ocasionales
15611.0,1591.45,13,23,122.41923076923078,2,Recurrentes
15612.0,195.15,2,4,97.575,1,Ocasionales
15618.0,776.851,4,39,194.21275,1,Ocasionales
15619.0,336.4,1,3,336.4,1,Ocasionales
15620.0,1553.18,3,92,517.7266666666667,2,Recurrentes
15621.0,1293.03,4,11,323.2575,1,Ocasionales
15622.0,3709.56,9,169,412.17333333333335,0,VIP / Premium
15623.0,301.03000000000003,1,19,301.03000000000003,1,Ocasionales
15624.0,588.13,4,26,147.0325,1,Ocasionales
15625.0,1534.26,4,44,383.565,2,Recurrentes
15626.0,675.8,2,49,337.9,1,Ocasionales
15628.0,2870.2400000000002,9,85,318.91555555555556,2,Recurrentes
15630.0,1186.35,2,57,593.175,2,Recurrentes
15632.0,3285.31,8,107,410.66375,0,VIP / Premium
15634.0,243.55,1,15,243.55,1,Ocasionales
15636.0,724.76,2,20,362.38,1,Ocasionales
15637.0,223.36,1,15,223.36,1,Ocasionales
15639.0,425.32,1,25,425.32,1,Ocasionales
15641.0,1887.2,4,102,471.8,2,Recurrentes
15643.0,664.0,3,31,221.33333333333334,1,Ocasionales
15644.0,803.54,4,166,200.885,2,Recurrentes
15645.0,612.01,1,50,612.01,1,Ocasionales
15646.0,447.64000000000004,3,35,149.21333333333334,1,Ocasionales
15648.0,639.5,2,23,319.75,1,Ocasionales
15649.0,816.0,2,1,408.0,1,Ocasionales
15651.0,646.3,3,27,215.4333333333333,1,Ocasionales
15652.0,337.74,1,21,337.74,1,Ocasionales
15653.0,877.44,2,4,438.72,1,Ocasionales
15654.0,922.53,2,15,461.265,1,Ocasionales
15655.0,560.6700000000001,1,34,560.6700000000001,1,Ocasionales
15656.0,748.5,4,46,187.125,1,Ocasionales
15657.0,30.0,1,1,30.0,1,Ocasionales
15658.0,1024.1000000000001,5,40,204.82000000000002,2,Recurrentes
15659.0,306.45,1,11,306.45,1,Ocasionales
15660.0,1600.86,9,55,177.87333333333333,2,Recurrentes
15661.0,309.8,2,4,154.9,1,Ocasionales
15663.0,138.14,1,9,138.14,1,Ocasionales
15664.0,386.43,1,17,386.43,1,Ocasionales
15665.0,2222.21,2,92,1111.105,2,Recurrentes
15667.0,301.32000000000005,1,13,301.32000000000005,1,Ocasionales
15668.0,76.32000000000001,1,1,76.32000000000001,1,Ocasionales
15669.0,684.34,4,31,171.085,1,Ocasionales
15670.0,173.05,1,12,173.05,1,Ocasionales
15671.0,2657.13,7,52,379.59000000000003,2,Recurrentes
15673.0,2726.23,4,107,681.5575,2,Recurrentes
15674.0,2446.6,5,88,489.32,2,Recurrentes
15675.0,323.69,3,20,107.89666666666666,1,Ocasionales
15676.0,3435.76,3,191,1145.2533333333333,0,VIP / Premium
15677.0,657.23,1,33,657.23,1,Ocasionales
15678.0,352.7,1,12,352.7,1,Ocasionales
15679.0,781.28,4,98,195.32,2,Recurrentes
15680.0,1333.68,3,61,444.56,2,Recurrentes
15681.0,1426.16,5,32,285.232,2,Recurrentes
15683.0,193.75,1,10,193.75,1,Ocasionales
15687.0,2993.1,9,119,332.56666666666666,0,VIP / Premium
15689.0,254.1,2,8,127.05,1,Ocasionales
15690.0,239.76,2,19,119.88,1,Ocasionales
15691.0,136.8,1,2,136.8,1,Ocasionales
15692.0,191.04,1,12,191.04,1,Ocasionales
15694.0,6479.4,14,42,462.8142857142857,0,VIP / Premium
15695.0,409.98,2,22,204.99,1,Ocasionales
15696.0,2711.11,8,140,338.88875,0,VIP / Premium
15699.0,309.65,1,18,309.65,1,Ocasionales
15700.0,696.68,2,85,348.34,1,Ocasionales
15701.0,1529.0,4,193,382.25,2,Recurrentes
15703.0,211.5,1,5,211.5,1,Ocasionales
15704.0,2293.62,4,79,573.405,2,Recurrentes
15705.0,143.1,1,6,143.1,1,Ocasionales
15706.0,1060.56,4,50,265.14,2,Recurrentes
15707.0,916.98,4,126,229.245,2,Recurrentes
15708.0,3235.25,7,124,462.17857142857144,0,VIP / Premium
15709.0,133.25,1,6,133.25,1,Ocasionales
15712.0,1072.3600000000001,5,41,214.47200000000004,2,Recurrentes
15713.0,356.7,2,18,178.35,1,Ocasionales
15714.0,330.03000000000003,2,34,165.01500000000001,1,Ocasionales
15716.0,1101.11,4,101,275.2775,2,Recurrentes
15717.0,150.3,1,7,150.3,1,Ocasionales
15719.0,5030.07,13,299,386.92846153846153,0,VIP / Premium
15720.0,598.73,1,128,598.73,2,Recurrentes
15721.0,471.40000000000003,1,80,471.40000000000003,1,Ocasionales
15722.0,2211.21,5,45,442.242,2,Recurrentes
15723.0,190.70000000000002,1,37,190.70000000000002,1,Ocasionales
15724.0,218.25,2,11,109.125,1,Ocasionales
15725.0,415.25,1,32,415.25,1,Ocasionales
15727.0,5159.06,7,213,737.0085714285715,0,VIP / Premium
15729.0,85.0,1,5,85.0,1,Ocasionales
15730.0,1120.88,3,68,373.6266666666667,2,Recurrentes
15732.0,294.12,2,13,147.06,1,Ocasionales
15733.0,162.3,1,10,162.3,1,Ocasionales
15734.0,1339.45,2,25,669.725,2,Recurrentes
15737.0,1188.1200000000001,8,60,148.51500000000001,2,Recurrentes
15738.0,4812.42,16,46,300.77625,0,VIP / Premium
15739.0,449.12,1,8,449.12,1,Ocasionales
15740.0,154.88,1,9,154.88,1,Ocasionales
15743.0,775.96,4,59,193.99,1,Ocasionales
15744.0,34.8,1,3,34.8,1,Ocasionales
15745.0,1094.5900000000001,4,57,273.64750000000004,2,Recurrentes
15746.0,196.88,1,28,196.88,1,Ocasionales
15747.0,946.64,3,52,315.5466666666667,1,Ocasionales
15748.0,144.36,1,19,144.36,1,Ocasionales
15750.0,2463.05,8,214,307.88125,0,VIP / Premium
15752.0,2626.6,7,236,375.2285714285714,0,VIP / Premium
15753.0,79.2,1,1,79.2,1,Ocasionales
15754.0,458.57,3,24,152.85666666666665,1,Ocasionales
15755.0,2364.25,6,127,394.0416666666667,2,Recurrentes
15756.0,528.01,4,160,132.0025,2,Recurrentes
15757.0,714.42,2,43,357.21,1,Ocasionales
15758.0,205.25,1,9,205.25,1,Ocasionales
15759.0,253.04000000000002,3,5,84.34666666666668,1,Ocasionales
15762.0,583.75,2,37,291.875,1,Ocasionales
15763.0,1086.92,2,58,543.46,2,Recurrentes
15764.0,3279.9700000000003,6,150,546.6616666666667,0,VIP / Premium
15766.0,315.06,1,11,315.06,1,Ocasionales
15768.0,621.83,3,23,207.27666666666667,1,Ocasionales
15773.0,635.6800000000001,1,10,635.6800000000001,1,Ocasionales
15774.0,270.8,1,25,270.8,1,Ocasionales
15775.0,104.9,1,7,104.9,1,Ocasionales
15776.0,241.62,1,18,241.62,1,Ocasionales
15777.0,1047.1100000000001,4,18,261.77750000000003,1,Ocasionales
15780.0,475.28000000000003,3,26,158.42666666666668,1,Ocasionales
15781.0,345.46000000000004,3,20,115.15333333333335,1,Ocasionales
15782.0,2614.74,3,34,871.5799999999999,2,Recurrentes
15783.0,246.3,1,14,246.3,1,Ocasionales
15785.0,2328.9700000000003,5,58,465.79400000000004,2,Recurrentes
15787.0,933.26,3,156,311.08666666666664,2,Recurrentes
15789.0,351.3,1,25,351.3,1,Ocasionales
15790.0,218.75,1,34,218.75,1,Ocasionales
15791.0,1612.69,2,66,806.345,2,Recurrentes
15793.0,965.61,3,6,321.87,1,Ocasionales
15795.0,610.01,1,42,610.01,1,Ocasionales
15796.0,2708.61,8,70,338.57625,2,Recurrentes
15797.0,2207.4,4,8,551.85,2,Recurrentes
15799.0,884.14,3,94,294.7133333333333,2,Recurrentes
15800.0,696.89,2,116,348.445,2,Recurrentes
15801.0,1063.95,3,61,354.65000000000003,2,Recurrentes
15802.0,451.42,1,1,451.42,1,Ocasionales
15803.0,415.82000000000005,1,8,415.82000000000005,1,Ocasionales
15804.0,4206.39,13,170,323.5684615384616,0,VIP / Premium
15805.0,5488.18,17,220,322.83411764705886,0,VIP / Premium
15806.0,784.58,3,24,261.5266666666667,1,Ocasionales
15807.0,903.9,3,48,301.3,1,Ocasionales
15808.0,3651.27,4,142,912.8175,0,VIP / Premium
15809.0,515.77,5,31,103.154,1,Ocasionales
15810.0,1391.98,4,66,347.995,2,Recurrentes
15811.0,2218.62,6,117,369.77,2,Recurrentes
15812.0,1801.14,5,36,360.228,2,Recurrentes
15813.0,1303.9099999999999,2,40,651.9549999999999,2,Recurrentes
15814.0,1945.3300000000002,4,63,486.33250000000004,2,Recurrentes
15815.0,2100.6,5,33,420.12,2,Recurrentes
15819.0,1905.45,4,96,476.3625,2,Recurrentes
15820.0,206.98,1,17,206.98,1,Ocasionales
15821.0,570.96,2,57,285.48,1,Ocasionales
15822.0,885.47,2,28,442.735,1,Ocasionales
15823.0,15.0,1,1,15.0,1,Ocasionales
15825.0,532.94,1,20,532.94,1,Ocasionales
15826.0,1654.31,3,64,551.4366666666666,2,Recurrentes
15827.0,1836.09,14,72,131.1492857142857,2,Recurrentes
15829.0,636.14,2,44,318.07,1,Ocasionales
15830.0,576.0,1,39,576.0,1,Ocasionales
15831.0,794.64,3,63,264.88,1,Ocasionales
15832.0,836.79,1,54,836.79,2,Recurrentes
15834.0,2225.15,4,242,556.2875,0,VIP / Premium
15835.0,954.09,4,47,238.5225,1,Ocasionales
15836.0,137.37,1,10,137.37,1,Ocasionales
15837.0,391.98,1,24,391.98,1,Ocasionales
15839.0,1048.49,3,56,349.49666666666667,2,Recurrentes
15840.0,355.56,2,26,177.78,1,Ocasionales
15841.0,1224.06,4,36,306.015,2,Recurrentes
15843.0,118.95,1,8,118.95,1,Ocasionales
15844.0,130.73999999999998,1,11,130.73999999999998,1,Ocasionales
15845.0,3711.77,8,97,463.97125,0,VIP / Premium
15847.0,389.27,2,22,194.635,1,Ocasionales
15850.0,234.88,2,87,117.44,1,Ocasionales
15852.0,160.71,2,22,80.355,1,Ocasionales
15853.0,110.8,1,29,110.8,1,Ocasionales
15854.0,2969.12,12,105,247.42666666666665,0,VIP / Premium
15855.0,712.24,5,59,142.448,1,Ocasionales
15857.0,297.0,1,14,297.0,1,Ocasionales
15858.0,1427.57,5,145,285.514,2,Recurrentes
15860.0,965.16,8,105,120.645,2,Recurrentes
15861.0,3146.92,8,339,393.365,0,VIP / Premium
15862.0,832.88,4,142,208.22,2,Recurrentes
15863.0,68.84,2,18,34.42,1,Ocasionales
15864.0,1936.32,6,16,322.71999999999997,2,Recurrentes
15865.0,895.13,3,37,298.37666666666667,1,Ocasionales
15866.0,211.89,1,43,211.89,1,Ocasionales
15867.0,3810.14,15,302,254.00933333333333,0,VIP / Premium
15869.0,149.64,2,13,74.82,1,Ocasionales
15870.0,351.44,1,68,351.44,1,Ocasionales
15872.0,316.25,2,101,158.125,1,Ocasionales
15874.0,4405.88,7,110,629.4114285714286,0,VIP / Premium
15877.0,490.33,2,122,245.165,1,Ocasionales
15880.0,329.03,1,95,329.03,1,Ocasionales
15881.0,501.39,5,26,100.27799999999999,1,Ocasionales
15882.0,516.36,4,23,129.09,1,Ocasionales
15883.0,396.48,2,42,198.24,1,Ocasionales
15885.0,379.35,3,18,126.45,1,Ocasionales
15886.0,181.09,1,12,181.09,1,Ocasionales
15888.0,168.31,1,11,168.31,1,Ocasionales
15889.0,420.07,2,79,210.035,1,Ocasionales
15891.0,511.68,1,60,511.68,1,Ocasionales
15894.0,258.25,2,35,129.125,1,Ocasionales
15895.0,179.17,1,11,179.17,1,Ocasionales
15897.0,208.59,2,17,104.295,1,Ocasionales
15898.0,1383.83,5,70,276.76599999999996,2,Recurrentes
15899.0,56.25,1,4,56.25,1,Ocasionales
15900.0,337.28000000000003,1,44,337.28000000000003,1,Ocasionales
15901.0,351.73,3,102,117.24333333333334,1,Ocasionales
15903.0,5126.76,7,46,732.3942857142857,0,VIP / Premium
15904.0,164.68,1,30,164.68,1,Ocasionales
15906.0,1567.69,7,113,223.9557142857143,2,Recurrentes
15907.0,882.72,3,175,294.24,2,Recurrentes
15909.0,191.94,1,7,191.94,1,Ocasionales
15910.0,1228.88,8,215,153.61,2,Recurrentes
15912.0,264.62,2,19,132.31,1,Ocasionales
15916.0,1502.8600000000001,8,124,187.85750000000002,2,Recurrentes
15917.0,123.1,1,12,123.1,1,Ocasionales
15918.0,334.23,2,33,167.115,1,Ocasionales
15919.0,525.69,2,103,262.845,1,Ocasionales
15920.0,167.5,4,53,41.875,1,Ocasionales
15921.0,323.03000000000003,1,24,323.03000000000003,1,Ocasionales
15922.0,369.5,1,11,369.5,1,Ocasionales
15923.0,127.08,1,21,127.08,1,Ocasionales
15925.0,207.15,1,12,207.15,1,Ocasionales
15930.0,426.63,1,21,426.63,1,Ocasionales
15932.0,2495.87,8,93,311.98375,2,Recurrentes
15933.0,1107.46,3,63,369.15333333333336,2,Recurrentes
15935.0,416.86,2,12,208.43,1,Ocasionales
15937.0,145.35000000000002,1,7,145.35000000000002,1,Ocasionales
15938.0,404.58000000000004,5,13,80.91600000000001,1,Ocasionales
15939.0,6115.01,15,28,407.6673333333334,0,VIP / Premium
15940.0,35.8,1,1,35.8,1,Ocasionales
15942.0,337.44,1,14,337.44,1,Ocasionales
15944.0,325.1,1,6,325.1,1,Ocasionales
15945.0,181.0,1,2,181.0,1,Ocasionales
15947.0,1708.24,1,29,1708.24,2,Recurrentes
15948.0,955.24,2,51,477.62,1,Ocasionales
15949.0,364.72,2,12,182.36,1,Ocasionales
15950.0,1744.71,4,86,436.1775,2,Recurrentes
15951.0,708.22,2,36,354.11,1,Ocasionales
15952.0,781.91,4,65,195.4775,1,Ocasionales
15953.0,1657.28,8,63,207.16,2,Recurrentes
15955.0,4416.26,14,137,315.44714285714286,0,VIP / Premium
15957.0,428.89,1,40,428.89,1,Ocasionales
15958.0,104.35,1,7,104.35,1,Ocasionales
15963.0,470.76,2,26,235.38,1,Ocasionales
15965.0,808.87,4,88,202.2175,2,Recurrentes
15967.0,397.68,2,73,198.84,1,Ocasionales
15969.0,666.1,3,20,222.03333333333333,1,Ocasionales
15970.0,314.09999999999997,1,11,314.09999999999997,1,Ocasionales
15971.0,4199.85,12,10,349.9875,0,VIP / Premium
15973.0,307.82000000000005,1,4,307.82000000000005,1,Ocasionales
15974.0,3442.15,7,141,491.7357142857143,0,VIP / Premium
15975.0,371.01,1,24,371.01,1,Ocasionales
15976.0,427.64,2,83,213.82,1,Ocasionales
15977.0,1054.73,2,48,527.365,1,Ocasionales
15978.0,1098.78,1,49,1098.78,2,Recurrentes
15980.0,2398.86,3,40,799.62,2,Recurrentes
15981.0,3408.48,8,53,426.06,2,Recurrentes
15983.0,1465.12,4,82,366.28,2,Recurrentes
15984.0,2780.63,10,217,278.063,0,VIP / Premium
15985.0,1142.42,2,29,571.21,1,Ocasionales
15986.0,168.12,1,14,168.12,1,Ocasionales
15987.0,1432.77,7,110,204.68142857142857,2,Recurrentes
15988.0,156.78,1,26,156.78,1,Ocasionales
15990.0,792.11,2,52,396.055,1,Ocasionales
15992.0,41.989999999999995,1,3,41.989999999999995,1,Ocasionales
15993.0,2777.67,7,335,396.81,0,VIP / Premium
15994.0,414.27,1,31,414.27,1,Ocasionales
15996.0,1032.58,6,103,172.09666666666666,2,Recurrentes
16003.0,2735.37,5,82,547.074,2,Recurrentes
16005.0,578.71,4,173,144.6775,2,Recurrentes
16006.0,101.4,1,8,101.4,1,Ocasionales
16007.0,1693.81,4,221,423.4525,2,Recurrentes
16008.0,478.78,3,29,159.59333333333333,1,Ocasionales
16009.0,972.11,4,68,243.0275,2,Recurrentes
16010.0,392.4,3,62,130.79999999999998,1,Ocasionales
16011.0,3352.96,16,99,209.56,0,VIP / Premium
16012.0,1415.29,3,87,471.7633333333333,2,Recurrentes
16014.0,646.83,3,123,215.61,2,Recurrentes
16015.0,704.55,3,146,234.85,2,Recurrentes
16016.0,1465.51,8,156,183.18875,2,Recurrentes
16017.0,211.88,1,26,211.88,1,Ocasionales
16018.0,408.9,2,26,204.45,1,Ocasionales
16019.0,3786.24,9,133,420.6933333333333,0,VIP / Premium
16020.0,851.01,3,42,283.67,1,Ocasionales
16022.0,602.63,1,68,602.63,1,Ocasionales
16023.0,719.81,3,90,239.93666666666664,1,Ocasionales
16024.0,251.03,1,61,251.03,1,Ocasionales
16025.0,439.65999999999997,1,28,439.65999999999997,1,Ocasionales
16026.0,236.09,1,30,236.09,1,Ocasionales
16027.0,934.62,6,11,155.77,1,Ocasionales
16030.0,331.24,1,28,331.24,1,Ocasionales
16031.0,547.9,2,91,273.95,1,Ocasionales
16034.0,437.70000000000005,3,18,145.9,1,Ocasionales
16036.0,758.9200000000001,2,55,379.46000000000004,1,Ocasionales
16037.0,855.02,3,37,285.00666666666666,1,Ocasionales
16038.0,471.78,3,24,157.26,1,Ocasionales
16040.0,1313.55,3,57,437.84999999999997,2,Recurrentes
16041.0,3166.4,3,6,1055.4666666666667,2,Recurrentes
16042.0,1177.47,5,68,235.494,2,Recurrentes
16043.0,773.99,4,30,193.4975,1,Ocasionales
16045.0,1340.7,4,71,335.175,2,Recurrentes
16048.0,256.44,2,8,128.22,1,Ocasionales
16049.0,1074.81,3,248,358.27,2,Recurrentes
16050.0,137.9,1,10,137.9,1,Ocasionales
16052.0,362.06,1,34,362.06,1,Ocasionales
16053.0,1511.95,2,81,755.975,2,Recurrentes
16054.0,783.9,1,70,783.9,2,Recurrentes
16055.0,134.8,1,8,134.8,1,Ocasionales
16056.0,650.75,1,66,650.75,1,Ocasionales
16057.0,2263.12,7,109,323.30285714285714,2,Recurrentes
16059.0,1453.16,6,126,242.19333333333336,2,Recurrentes
16062.0,1153.62,4,50,288.405,2,Recurrentes
16063.0,335.32,1,23,335.32,1,Ocasionales
16065.0,367.14,1,71,367.14,1,Ocasionales
16066.0,1521.04,5,77,304.20799999999997,2,Recurrentes
16070.0,852.15,2,32,426.075,1,Ocasionales
16071.0,326.24,1,21,326.24,1,Ocasionales
16072.0,584.3199999999999,1,23,584.3199999999999,1,Ocasionales
16073.0,122.4,1,1,122.4,1,Ocasionales
16076.0,2234.73,10,71,223.473,2,Recurrentes
16078.0,79.2,1,1,79.2,1,Ocasionales
16079.0,1352.0,3,18,450.6666666666667,2,Recurrentes
16080.0,217.16,2,10,108.58,1,Ocasionales
16081.0,2799.42,5,175,559.884,0,VIP / Premium
16083.0,1317.62,2,31,658.81,2,Recurrentes
16084.0,436.18,1,38,436.18,1,Ocasionales
16085.0,981.51,5,123,196.302,2,Recurrentes
16086.0,1121.39,5,24,224.27800000000002,2,Recurrentes
16091.0,315.06,2,16,157.53,1,Ocasionales
16092.0,817.86,3,37,272.62,1,Ocasionales
16093.0,17.0,1,1,17.0,1,Ocasionales
16094.0,1078.23,4,48,269.5575,2,Recurrentes
16096.0,320.62,1,12,320.62,1,Ocasionales
16097.0,185.04999999999998,1,10,185.04999999999998,1,Ocasionales
16098.0,2005.63,7,34,286.5185714285714,2,Recurrentes
16099.0,731.9,3,29,243.96666666666667,1,Ocasionales
16101.0,1290.7,1,76,1290.7,2,Recurrentes
16102.0,1842.14,3,41,614.0466666666667,2,Recurrentes
16103.0,1429.64,6,30,238.27333333333334,2,Recurrentes
16104.0,298.21,1,28,298.21,1,Ocasionales
16105.0,336.96,1,13,336.96,1,Ocasionales
16106.0,108.38,1,6,108.38,1,Ocasionales
16107.0,3204.1600000000003,7,16,457.7371428571429,2,Recurrentes
16108.0,842.5,1,48,842.5,2,Recurrentes
16109.0,611.88,2,18,305.94,1,Ocasionales
16110.0,1320.95,3,283,440.31666666666666,2,Recurrentes
16112.0,195.74,4,15,48.935,1,Ocasionales
16113.0,161.38,1,30,161.38,1,Ocasionales
16114.0,135.75000000000003,1,8,135.75000000000003,1,Ocasionales
16115.0,1660.8799999999999,8,169,207.60999999999999,2,Recurrentes
16116.0,612.78,1,34,612.78,1,Ocasionales
16117.0,232.21,1,30,232.21,1,Ocasionales
16119.0,423.36,2,14,211.68,1,Ocasionales
16120.0,1309.14,4,26,327.285,2,Recurrentes
16121.0,854.66,2,170,427.33,2,Recurrentes
16122.0,684.42,4,26,171.105,1,Ocasionales
16123.0,307.78000000000003,1,16,307.78000000000003,1,Ocasionales
16124.0,249.0,1,11,249.0,1,Ocasionales
16125.0,289.35,1,13,289.35,1,Ocasionales
16126.0,6287.77,4,57,1571.9425,0,VIP / Premium
16127.0,656.25,1,40,656.25,1,Ocasionales
16128.0,1880.22,5,76,376.044,2,Recurrentes
16131.0,3506.54,6,55,584.4233333333333,2,Recurrentes
16134.0,618.09,2,34,309.045,1,Ocasionales
16135.0,517.55,1,21,517.55,1,Ocasionales
16136.0,709.38,3,35,236.46,1,Ocasionales
16139.0,635.4100000000001,3,25,211.80333333333337,1,Ocasionales
16140.0,725.1800000000001,2,32,362.59000000000003,1,Ocasionales
16141.0,620.4,1,30,620.4,1,Ocasionales
16142.0,535.34,1,37,535.34,1,Ocasionales
16143.0,2424.94,6,75,404.1566666666667,2,Recurrentes
16144.0,175.2,1,1,175.2,1,Ocasionales
16145.0,3799.4900000000002,11,134,345.40818181818184,0,VIP / Premium
16146.0,734.13,3,26,244.71,1,Ocasionales
16147.0,375.0,1,22,375.0,1,Ocasionales
16148.0,76.32000000000001,1,1,76.32000000000001,1,Ocasionales
16149.0,280.52,2,18,140.26,1,Ocasionales
16150.0,2053.02,5,91,410.604,2,Recurrentes
16152.0,1829.04,1,29,1829.04,2,Recurrentes
16153.0,1824.23,5,78,364.846,2,Recurrentes
16156.0,3092.04,9,108,343.56,0,VIP / Premium
16157.0,656.69,3,12,218.89666666666668,1,Ocasionales
16159.0,348.2,1,14,348.2,1,Ocasionales
16160.0,1025.44,2,20,512.72,1,Ocasionales
16162.0,37.4,1,2,37.4,1,Ocasionales
16163.0,856.6,2,5,428.3,1,Ocasionales
16164.0,822.48,3,27,274.16,1,Ocasionales
16169.0,1822.97,4,71,455.7425,2,Recurrentes
16170.0,1885.05,6,106,314.175,2,Recurrentes
16171.0,73.19999999999999,1,3,73.19999999999999,1,Ocasionales
16172.0,1140.21,5,52,228.042,2,Recurrentes
16173.0,1418.32,6,70,236.38666666666666,2,Recurrentes
16174.0,1009.55,3,19,336.51666666666665,1,Ocasionales
16175.0,1037.5900000000001,4,45,259.39750000000004,1,Ocasionales
16177.0,331.95,1,15,331.95,1,Ocasionales
16178.0,197.9,1,8,197.9,1,Ocasionales
16179.0,215.83,1,11,215.83,1,Ocasionales
16181.0,305.54,1,11,305.54,1,Ocasionales
16183.0,338.71000000000004,1,15,338.71000000000004,1,Ocasionales
16184.0,1158.79,6,26,193.13166666666666,2,Recurrentes
16185.0,529.41,2,31,264.705,1,Ocasionales
16186.0,4006.94,12,87,333.9116666666667,0,VIP / Premium
16187.0,6911.4400000000005,15,160,460.7626666666667,0,VIP / Premium
16188.0,981.86,4,65,245.465,2,Recurrentes
16189.0,215.48,2,9,107.74,1,Ocasionales
16190.0,215.08,1,6,215.08,1,Ocasionales
16191.0,5180.52,13,65,398.5015384615385,0,VIP / Premium
16193.0,314.45,1,19,314.45,1,Ocasionales
16198.0,400.68100000000004,1,15,400.68100000000004,1,Ocasionales
16200.0,1068.8700000000001,2,149,534.4350000000001,2,Recurrentes
16201.0,1863.47,4,74,465.8675,2,Recurrentes
16202.0,365.27,1,18,365.27,1,Ocasionales
16203.0,592.9,4,27,148.225,1,Ocasionales
16204.0,384.18,1,45,384.18,1,Ocasionales
16205.0,757.63,4,73,189.4075,1,Ocasionales
16206.0,537.0600000000001,4,52,134.26500000000001,1,Ocasionales
16207.0,394.38,1,19,394.38,1,Ocasionales
16208.0,664.26,2,61,332.13,1,Ocasionales
16209.0,2262.62,5,37,452.524,2,Recurrentes
16211.0,547.02,1,23,547.02,1,Ocasionales
16212.0,690.34,2,40,345.17,1,Ocasionales
16213.0,159.0,1,6,159.0,1,Ocasionales
16214.0,1062.75,3,36,354.25,1,Ocasionales
16215.0,242.35,1,14,242.35,1,Ocasionales
16216.0,914.9300000000001,1,37,914.9300000000001,2,Recurrentes
16217.0,304.25,2,13,152.125,1,Ocasionales
16218.0,3084.68,7,56,440.6685714285714,2,Recurrentes
16221.0,860.86,3,90,286.9533333333333,2,Recurrentes
16222.0,773.55,1,120,773.55,2,Recurrentes
16224.0,1295.3,4,90,323.825,2,Recurrentes
16225.0,1096.32,5,109,219.26399999999998,2,Recurrentes
16226.0,255.12,3,6,85.04,1,Ocasionales
16227.0,314.22,1,6,314.22,1,Ocasionales
16229.0,1010.6,2,46,505.3,1,Ocasionales
16230.0,542.03,2,32,271.015,1,Ocasionales
16232.0,990.88,4,24,247.72,1,Ocasionales
16233.0,536.6800000000001,3,22,178.89333333333335,1,Ocasionales
16235.0,867.3100000000001,5,42,173.46200000000002,1,Ocasionales
16236.0,432.2,1,20,432.2,1,Ocasionales
16239.0,414.2,2,18,207.1,1,Ocasionales
16240.0,3718.8,2,126,1859.4,0,VIP / Premium
16242.0,3579.86,7,184,511.40857142857146,0,VIP / Premium
16243.0,409.1,2,49,204.55,1,Ocasionales
16244.0,1522.75,2,88,761.375,2,Recurrentes
16245.0,1413.66,3,80,471.22,2,Recurrentes
16247.0,114.56,1,16,114.56,1,Ocasionales
16248.0,152.94,1,7,152.94,1,Ocasionales
16249.0,1800.07,5,67,360.014,2,Recurrentes
16250.0,389.44,2,22,194.72,1,Ocasionales
16253.0,3683.86,2,114,1841.93,0,VIP / Premium
16255.0,2619.91,8,146,327.48875,0,VIP / Premium
16256.0,752.4300000000001,1,13,752.4300000000001,1,Ocasionales
16257.0,46.95,1,2,46.95,1,Ocasionales
16258.0,5203.51,5,111,1040.702,0,VIP / Premium
16260.0,1035.45,1,18,1035.45,2,Recurrentes
16261.0,728.54,4,98,182.135,2,Recurrentes
16265.0,5447.0,9,164,605.2222222222222,0,VIP / Premium
16266.0,861.89,7,44,123.12714285714286,2,Recurrentes
16268.0,667.65,2,45,333.825,1,Ocasionales
16270.0,1141.24,1,54,1141.24,2,Recurrentes
16271.0,1404.64,5,89,280.928,2,Recurrentes
16272.0,411.7,1,25,411.7,1,Ocasionales
16274.0,351.75,1,64,351.75,1,Ocasionales
16275.0,559.87,1,33,559.87,1,Ocasionales
16276.0,810.6,1,6,810.6,1,Ocasionales
16278.0,566.38,1,23,566.38,1,Ocasionales
16279.0,1502.78,3,102,500.9266666666667,2,Recurrentes
16282.0,168.3,1,11,168.3,1,Ocasionales
16283.0,1570.81,5,117,314.162,2,Recurrentes
16284.0,812.68,2,87,406.34,1,Ocasionales
16287.0,142.5,1,8,142.5,1,Ocasionales
16292.0,302.25,1,17,302.25,1,Ocasionales
16293.0,2248.9900000000002,10,102,224.89900000000003,2,Recurrentes
16295.0,1328.55,4,70,332.1375,2,Recurrentes
16297.0,301.9,1,20,301.9,1,Ocasionales
16298.0,598.2,3,22,199.4,1,Ocasionales
16302.0,233.22,1,11,233.22,1,Ocasionales
16305.0,361.22,1,22,361.22,1,Ocasionales
16306.0,632.27,6,36,105.37833333333333,1,Ocasionales
16308.0,2560.0,4,1,640.0,2,Recurrentes
16309.0,706.57,2,39,353.285,1,Ocasionales
16311.0,616.26,2,35,308.13,1,Ocasionales
16313.0,274.15000000000003,2,16,137.07500000000002,1,Ocasionales
16315.0,226.37,1,14,226.37,1,Ocasionales
16316.0,2938.91,8,120,367.36375,0,VIP / Premium
16317.0,1341.65,3,64,447.2166666666667,2,Recurrentes
16318.0,328.15000000000003,1,19,328.15000000000003,1,Ocasionales
16319.0,404.40000000000003,1,3,404.40000000000003,1,Ocasionales
16320.0,1038.46,2,56,519.23,2,Recurrentes
16321.0,373.65000000000003,5,7,74.73,1,Ocasionales
16322.0,326.75,2,28,163.375,1,Ocasionales
16323.0,207.50000000000003,1,1,207.50000000000003,1,Ocasionales
16324.0,408.59000000000003,3,100,136.1966666666667,1,Ocasionales
16325.0,594.24,3,14,198.08,1,Ocasionales
16326.0,3039.2200000000003,14,158,217.08714285714288,0,VIP / Premium
16327.0,3820.27,6,142,636.7116666666667,0,VIP / Premium
16330.0,251.91,3,39,83.97,1,Ocasionales
16332.0,1582.8,7,125,226.1142857142857,2,Recurrentes
16337.0,151.05,1,10,151.05,1,Ocasionales
16338.0,214.8,1,11,214.8,1,Ocasionales
16339.0,94.05,1,17,94.05,1,Ocasionales
16340.0,534.31,1,124,534.31,2,Recurrentes
16341.0,1971.8700000000001,4,60,492.96750000000003,2,Recurrentes
16342.0,322.41,4,10,80.6025,1,Ocasionales
16343.0,328.58,2,29,164.29,1,Ocasionales
16344.0,101.10000000000001,1,1,101.10000000000001,1,Ocasionales
16345.0,565.46,1,35,565.46,1,Ocasionales
16347.0,847.45,2,61,423.725,1,Ocasionales
16348.0,1415.65,7,157,202.2357142857143,2,Recurrentes
16349.0,53.5,1,9,53.5,1,Ocasionales
16350.0,1116.47,4,40,279.1175,2,Recurrentes
16351.0,153.9,1,8,153.9,1,Ocasionales
16352.0,494.44,2,28,247.22,1,Ocasionales
16354.0,395.8,2,38,197.9,1,Ocasionales
16356.0,211.77,3,20,70.59,1,Ocasionales
16357.0,658.88,3,31,219.62666666666667,1,Ocasionales
16358.0,2027.5,4,82,506.875,2,Recurrentes
16359.0,1750.92,9,39,194.54666666666668,2,Recurrentes
16361.0,891.21,4,87,222.8025,2,Recurrentes
16362.0,709.99,5,58,141.998,1,Ocasionales
16363.0,109.36000000000001,1,5,109.36000000000001,1,Ocasionales
16364.0,705.79,2,48,352.895,1,Ocasionales
16365.0,1540.42,9,45,171.1577777777778,2,Recurrentes
16366.0,327.3,1,18,327.3,1,Ocasionales
16367.0,800.67,2,123,400.335,2,Recurrentes
16368.0,479.91,2,58,239.955,1,Ocasionales
16369.0,1545.41,3,91,515.1366666666667,2,Recurrentes
16370.0,1301.91,4,143,325.4775,2,Recurrentes
16372.0,355.73,2,86,177.865,1,Ocasionales
16374.0,466.73,2,101,233.365,1,Ocasionales
16376.0,974.96,2,104,487.48,2,Recurrentes
16377.0,676.2,1,5,676.2,1,Ocasionales
16378.0,362.95,3,22,120.98333333333333,1,Ocasionales
16379.0,2157.4,4,87,539.35,2,Recurrentes
16380.0,1743.1499999999999,1,28,1743.1499999999999,2,Recurrentes
16383.0,643.76,2,80,321.88,1,Ocasionales
16384.0,584.5,2,33,292.25,1,Ocasionales
16385.0,554.86,3,52,184.95333333333335,1,Ocasionales
16386.0,302.57,2,76,151.285,1,Ocasionales
16387.0,94.36,1,4,94.36,1,Ocasionales
16389.0,1382.0700000000002,4,33,345.51750000000004,2,Recurrentes
16392.0,217.89000000000001,1,41,217.89000000000001,1,Ocasionales
16393.0,3040.96,13,120,233.92000000000002,0,VIP / Premium
16394.0,1555.34,5,61,311.068,2,Recurrentes
16395.0,1482.06,5,150,296.412,2,Recurrentes
16398.0,1705.8,2,75,852.9,2,Recurrentes
16399.0,408.02,2,68,204.01,1,Ocasionales
16400.0,303.93,1,28,303.93,1,Ocasionales
16401.0,4098.32,12,66,341.52666666666664,0,VIP / Premium
16402.0,293.45,2,55,146.725,1,Ocasionales
16403.0,177.5,1,10,177.5,1,Ocasionales
16404.0,443.05,1,23,443.05,1,Ocasionales
16405.0,167.25,2,3,83.625,1,Ocasionales
16406.0,154.35,1,54,154.35,1,Ocasionales
16407.0,2079.68,10,99,207.968,2,Recurrentes
16409.0,2022.98,5,145,404.596,2,Recurrentes
16411.0,211.7,2,41,105.85,1,Ocasionales
16412.0,135.99,1,25,135.99,1,Ocasionales
16413.0,262.2,1,30,262.2,1,Ocasionales
16414.0,126.25,2,5,63.125,1,Ocasionales
16415.0,200.27,1,45,200.27,1,Ocasionales
16416.0,1051.4,3,59,350.4666666666667,2,Recurrentes
16418.0,631.12,3,76,210.37333333333333,1,Ocasionales
16419.0,958.71,6,36,159.785,2,Recurrentes
16423.0,346.12,1,18,346.12,1,Ocasionales
16424.0,133.56,1,5,133.56,1,Ocasionales
16425.0,302.7,1,21,302.7,1,Ocasionales
16426.0,1863.76,10,211,186.376,0,VIP / Premium
16427.0,241.06,2,8,120.53,1,Ocasionales
16429.0,284.55,1,2,284.55,1,Ocasionales
16430.0,300.85,1,6,300.85,1,Ocasionales
16431.0,623.28,3,51,207.76,1,Ocasionales
16432.0,287.40000000000003,1,8,287.40000000000003,1,Ocasionales
16433.0,184.26,1,17,184.26,1,Ocasionales
16434.0,1511.8,7,88,215.97142857142856,2,Recurrentes
16438.0,798.35,5,74,159.67000000000002,2,Recurrentes
16440.0,3640.67,5,186,728.134,0,VIP / Premium
16441.0,381.2,2,22,190.6,1,Ocasionales
16442.0,609.3,3,161,203.1,2,Recurrentes
16444.0,654.67,4,68,163.6675,1,Ocasionales
16445.0,230.51,1,62,230.51,1,Ocasionales
16447.0,255.91,1,34,255.91,1,Ocasionales
16448.0,182.99,1,19,182.99,1,Ocasionales
16449.0,707.69,2,40,353.845,1,Ocasionales
16450.0,311.92,1,11,311.92,1,Ocasionales
16451.0,266.97,1,14,266.97,1,Ocasionales
16454.0,6.9,2,2,3.45,1,Ocasionales
16455.0,1841.18,7,69,263.0257142857143,2,Recurrentes
16456.0,2158.18,5,80,431.63599999999997,2,Recurrentes
16457.0,208.36,1,9,208.36,1,Ocasionales
16458.0,3482.7400000000002,18,52,193.48555555555558,0,VIP / Premium
16460.0,811.23,3,128,270.41,2,Recurrentes
16461.0,142.92,1,31,142.92,1,Ocasionales
16462.0,136.0,3,1,45.333333333333336,1,Ocasionales
16463.0,1422.4,4,74,355.6,2,Recurrentes
16464.0,1298.66,3,152,432.8866666666667,2,Recurrentes
16466.0,1595.96,7,103,227.99428571428572,2,Recurrentes
16468.0,74.9,1,2,74.9,1,Ocasionales
16469.0,625.42,4,148,156.355,2,Recurrentes
16470.0,752.77,4,120,188.1925,2,Recurrentes
16471.0,223.95000000000002,1,13,223.95000000000002,1,Ocasionales
16473.0,316.11,3,18,105.37,1,Ocasionales
16474.0,1810.65,7,237,258.6642857142857,0,VIP / Premium
16475.0,544.3,4,23,136.075,1,Ocasionales
16477.0,2494.46,7,111,356.3514285714286,2,Recurrentes
16478.0,331.0,3,15,110.33333333333333,1,Ocasionales
16479.0,300.83,2,35,150.415,1,Ocasionales
16480.0,769.29,1,51,769.29,1,Ocasionales
16482.0,220.62,1,18,220.62,1,Ocasionales
16483.0,139.35,1,19,139.35,1,Ocasionales
16484.0,404.3,2,25,202.15,1,Ocasionales
16485.0,363.65,1,41,363.65,1,Ocasionales
16488.0,498.8,3,28,166.26666666666668,1,Ocasionales
16491.0,731.5,1,39,731.5,1,Ocasionales
16493.0,1351.63,4,40,337.9075,2,Recurrentes
16494.0,826.53,1,47,826.53,1,Ocasionales
16495.0,648.26,3,78,216.08666666666667,1,Ocasionales
16496.0,1599.52,3,92,533.1733333333333,2,Recurrentes
16497.0,2965.69,6,128,494.2816666666667,2,Recurrentes
16498.0,100.97,2,15,50.485,1,Ocasionales
16499.0,365.45,2,18,182.725,1,Ocasionales
16500.0,400.86,6,8,66.81,1,Ocasionales
16503.0,1431.93,4,71,357.9825,2,Recurrentes
16504.0,465.88,1,76,465.88,1,Ocasionales
16505.0,777.6,1,4,777.6,1,Ocasionales
16506.0,90.30000000000001,2,3,45.150000000000006,1,Ocasionales
16509.0,363.70000000000005,1,13,363.70000000000005,1,Ocasionales
16510.0,248.1,1,13,248.1,1,Ocasionales
16511.0,918.33,3,135,306.11,2,Recurrentes
16513.0,874.59,4,33,218.6475,1,Ocasionales
16515.0,1624.14,5,89,324.82800000000003,2,Recurrentes
16516.0,101.69999999999999,1,6,101.69999999999999,1,Ocasionales
16517.0,162.70000000000002,1,17,162.70000000000002,1,Ocasionales
16518.0,484.32,2,36,242.16,1,Ocasionales
16519.0,215.07999999999998,2,13,107.53999999999999,1,Ocasionales
16520.0,1046.57,3,129,348.8566666666666,2,Recurrentes
16526.0,290.36,1,15,290.36,1,Ocasionales
16527.0,228.06,1,14,228.06,1,Ocasionales
16528.0,244.41,1,17,244.41,1,Ocasionales
16529.0,455.25,1,30,455.25,1,Ocasionales
16531.0,1244.59,7,68,177.79857142857142,2,Recurrentes
16533.0,1082.81,3,112,360.93666666666667,2,Recurrentes
16535.0,593.75,1,31,593.75,1,Ocasionales
16536.0,548.12,1,49,548.12,1,Ocasionales
16539.0,1388.81,4,36,347.2025,2,Recurrentes
16542.0,119.62,1,5,119.62,1,Ocasionales
16545.0,339.3,1,3,339.3,1,Ocasionales
16546.0,787.15,2,25,393.575,1,Ocasionales
16550.0,2298.97,5,162,459.794,2,Recurrentes
16551.0,922.12,3,26,307.37333333333333,1,Ocasionales
16552.0,379.73,2,17,189.865,1,Ocasionales
16553.0,5719.82,12,62,476.65166666666664,0,VIP / Premium
16554.0,837.1,3,51,279.03333333333336,1,Ocasionales
16555.0,285.89,2,15,142.945,1,Ocasionales
16556.0,3313.79,7,144,473.3985714285714,0,VIP / Premium
16557.0,281.85,2,11,140.925,1,Ocasionales
16560.0,841.41,2,52,420.705,1,Ocasionales
16561.0,511.12,2,29,255.56,1,Ocasionales
16563.0,1077.74,1,19,1077.74,2,Recurrentes
16565.0,173.7,1,3,173.7,1,Ocasionales
16566.0,614.66,5,14,122.93199999999999,1,Ocasionales
16567.0,865.6,2,34,432.8,1,Ocasionales
16569.0,124.2,1,5,124.2,1,Ocasionales
16570.0,3738.4,10,68,373.84000000000003,0,VIP / Premium
16571.0,1421.69,3,73,473.8966666666667,2,Recurrentes
16572.0,1009.6,3,40,336.53333333333336,1,Ocasionales
16573.0,663.61,2,40,331.805,1,Ocasionales
16574.0,451.44,1,28,451.44,1,Ocasionales
16581.0,105.84,1,9,105.84,1,Ocasionales
16582.0,313.62,1,6,313.62,1,Ocasionales
16583.0,233.45,1,14,233.45,1,Ocasionales
16584.0,936.08,2,25,468.04,1,Ocasionales
16586.0,463.95,1,8,463.95,1,Ocasionales
16587.0,225.15,1,13,225.15,1,Ocasionales
16589.0,459.24,3,31,153.08,1,Ocasionales
16591.0,213.5,1,10,213.5,1,Ocasionales
16592.0,4113.68,16,142,257.105,0,VIP / Premium
16593.0,330.03,3,24,110.00999999999999,1,Ocasionales
16594.0,181.09,1,53,181.09,1,Ocasionales
16595.0,360.16,1,83,360.16,1,Ocasionales
16596.0,250.15,2,12,125.075,1,Ocasionales
16597.0,90.04,1,7,90.04,1,Ocasionales
16598.0,145.05,1,10,145.05,1,Ocasionales
16600.0,813.52,6,50,135.58666666666667,2,Recurrentes
16601.0,242.7,1,29,242.7,1,Ocasionales
16602.0,528.08,1,29,528.08,1,Ocasionales
16603.0,482.47,2,34,241.235,1,Ocasionales
16607.0,3347.71,14,140,239.12214285714285,0,VIP / Premium
16609.0,5493.46,7,155,784.78,0,VIP / Premium
16610.0,75.66,1,6,75.66,1,Ocasionales
16611.0,129.49,1,9,129.49,1,Ocasionales
16612.0,1187.66,4,48,296.915,2,Recurrentes
16613.0,618.59,1,30,618.59,1,Ocasionales
16614.0,506.19,1,26,506.19,1,Ocasionales
16616.0,500.42,2,31,250.21,1,Ocasionales
16617.0,151.85,1,5,151.85,1,Ocasionales
16618.0,2647.59,5,79,529.518,2,Recurrentes
16619.0,226.21,1,14,226.21,1,Ocasionales
16620.0,178.96,2,9,89.48,1,Ocasionales
16621.0,813.48,4,22,203.37,1,Ocasionales
16623.0,129.45000000000002,1,5,129.45000000000002,1,Ocasionales
16624.0,810.57,2,44,405.285,1,Ocasionales
16625.0,333.08,1,23,333.08,1,Ocasionales
16626.0,4413.1,17,86,259.59411764705885,0,VIP / Premium
16627.0,322.8,1,20,322.8,1,Ocasionales
16628.0,2188.05,5,79,437.61,2,Recurrentes
16629.0,408.63,2,58,204.315,1,Ocasionales
16633.0,2883.1,6,115,480.51666666666665,2,Recurrentes
16634.0,217.9,2,9,108.95,1,Ocasionales
16637.0,1154.47,4,66,288.6175,2,Recurrentes
16638.0,1680.72,10,92,168.072,2,Recurrentes
16639.0,1257.51,3,48,419.17,2,Recurrentes
16641.0,231.1,1,12,231.1,1,Ocasionales
16642.0,688.33,2,32,344.165,1,Ocasionales
16643.0,487.51,1,27,487.51,1,Ocasionales
16644.0,833.78,2,62,416.89,1,Ocasionales
16647.0,214.06,2,12,107.03,1,Ocasionales
16648.0,290.66,1,19,290.66,1,Ocasionales
16650.0,518.42,1,24,518.42,1,Ocasionales
16652.0,6773.97,7,74,967.71,0,VIP / Premium
16653.0,1212.66,2,67,606.33,2,Recurrentes
16654.0,601.27,4,29,150.3175,1,Ocasionales
16655.0,3789.52,6,208,631.5866666666667,0,VIP / Premium
16656.0,8625.8,15,14,575.0533333333333,0,VIP / Premium
16657.0,874.43,4,158,218.6075,2,Recurrentes
16658.0,123.24,1,8,123.24,1,Ocasionales
16659.0,39.12,1,2,39.12,1,Ocasionales
16660.0,1267.65,4,16,316.9125,1,Ocasionales
16665.0,135.4,1,9,135.4,1,Ocasionales
16666.0,118.98,1,32,118.98,1,Ocasionales
16667.0,567.1800000000001,2,52,283.59000000000003,1,Ocasionales
16668.0,306.72,6,9,51.120000000000005,1,Ocasionales
16669.0,1348.88,3,141,449.6266666666667,2,Recurrentes
16670.0,4095.9,11,179,372.3545454545455,0,VIP / Premium
16671.0,1692.27,3,3,564.09,2,Recurrentes
16672.0,8134.9400000000005,20,22,406.747,0,VIP / Premium
16674.0,304.24,2,89,152.12,1,Ocasionales
16676.0,1592.12,4,75,398.03,2,Recurrentes
16678.0,3109.99,12,92,259.1658333333333,0,VIP / Premium
16679.0,129.75,1,3,129.75,1,Ocasionales
16680.0,183.7,1,10,183.7,1,Ocasionales
16681.0,1770.3400000000001,6,18,295.0566666666667,2,Recurrentes
16682.0,1028.0,5,15,205.6,1,Ocasionales
16685.0,324.24,2,60,162.12,1,Ocasionales
16688.0,1260.8600000000001,4,52,315.21500000000003,2,Recurrentes
16689.0,422.6,2,12,211.3,1,Ocasionales
16690.0,225.58,2,10,112.79,1,Ocasionales
16692.0,1276.0,2,2,638.0,1,Ocasionales
16693.0,477.86,2,58,238.93,1,Ocasionales
16696.0,657.9,4,7,164.475,1,Ocasionales
16697.0,112.75,1,20,112.75,1,Ocasionales
16698.0,1998.0,2,4,999.0,2,Recurrentes
16700.0,5076.55,13,159,390.50384615384615,0,VIP / Premium
16701.0,5398.3,13,99,415.25384615384615,0,VIP / Premium
16706.0,531.35,3,108,177.11666666666667,1,Ocasionales
16708.0,656.63,1,27,656.63,1,Ocasionales
16709.0,3029.87,5,64,605.9739999999999,2,Recurrentes
16710.0,2467.9900000000002,10,268,246.79900000000004,0,VIP / Premium
16711.0,1651.03,5,18,330.206,2,Recurrentes
16712.0,3611.31,11,259,328.3009090909091,0,VIP / Premium
16714.0,1129.06,3,77,376.3533333333333,2,Recurrentes
16715.0,301.71999999999997,1,19,301.71999999999997,1,Ocasionales
16716.0,901.2,2,1,450.6,1,Ocasionales
16717.0,3843.08,6,176,640.5133333333333,0,VIP / Premium
16718.0,606.0500000000001,1,41,606.0500000000001,1,Ocasionales
16719.0,1770.22,7,107,252.88857142857142,2,Recurrentes
16720.0,152.95,1,25,152.95,1,Ocasionales
16721.0,292.47,1,37,292.47,1,Ocasionales
16722.0,4730.81,13,96,363.90846153846155,0,VIP / Premium
16723.0,576.4,2,37,288.2,1,Ocasionales
16725.0,758.27,7,110,108.32428571428571,2,Recurrentes
16726.0,1358.74,5,121,271.748,2,Recurrentes
16727.0,256.32,1,41,256.32,1,Ocasionales
16728.0,1048.28,4,218,262.07,2,Recurrentes
16730.0,743.11,3,75,247.70333333333335,1,Ocasionales
16732.0,603.75,1,28,603.75,1,Ocasionales
16734.0,646.76,3,44,215.58666666666667,1,Ocasionales
16735.0,2247.41,5,88,449.48199999999997,2,Recurrentes
16737.0,417.6,1,1,417.6,1,Ocasionales
16738.0,3.75,1,1,3.75,1,Ocasionales
16739.0,323.0,1,13,323.0,1,Ocasionales
16742.0,464.9,1,1,464.9,1,Ocasionales
16743.0,2213.13,7,89,316.1614285714286,2,Recurrentes
16744.0,1291.91,7,198,184.55857142857144,2,Recurrentes
16745.0,7180.7,17,148,422.3941176470588,0,VIP / Premium
16747.0,836.0600000000001,2,34,418.03000000000003,1,Ocasionales
16748.0,1515.9,5,42,303.18,2,Recurrentes
16750.0,623.93,5,74,124.78599999999999,2,Recurrentes
16751.0,1764.72,1,24,1764.72,2,Recurrentes
16752.0,207.5,1,9,207.5,1,Ocasionales
16753.0,223.92000000000002,1,34,223.92000000000002,1,Ocasionales
16755.0,1475.43,3,133,491.81,2,Recurrentes
16756.0,239.4,1,13,239.4,1,Ocasionales
16757.0,106.83000000000001,1,7,106.83000000000001,1,Ocasionales
16758.0,369.34000000000003,1,22,369.34000000000003,1,Ocasionales
16759.0,789.79,3,40,263.2633333333333,1,Ocasionales
16761.0,316.62,1,13,316.62,1,Ocasionales
16762.0,1207.24,3,51,402.41333333333336,2,Recurrentes
16763.0,611.8499999999999,1,23,611.8499999999999,1,Ocasionales
16764.0,2790.9500000000003,13,209,214.68846153846155,0,VIP / Premium
16765.0,34.0,1,1,34.0,1,Ocasionales
16766.0,1145.6,2,17,572.8,1,Ocasionales
16767.0,5575.56,11,148,506.86909090909097,0,VIP / Premium
16768.0,478.09000000000003,3,47,159.36333333333334,1,Ocasionales
16769.0,361.54,1,33,361.54,1,Ocasionales
16770.0,757.1,5,116,151.42000000000002,2,Recurrentes
16771.0,2242.61,5,200,448.52200000000005,2,Recurrentes
16773.0,171.59,1,23,171.59,1,Ocasionales
16774.0,661.52,4,36,165.38,1,Ocasionales
16775.0,1691.51,11,84,153.77363636363637,2,Recurrentes
16776.0,371.54,1,61,371.54,1,Ocasionales
16777.0,222.62,2,45,111.31,1,Ocasionales
16778.0,245.94,2,16,122.97,1,Ocasionales
16780.0,422.24,2,51,211.12,1,Ocasionales
16781.0,311.25,1,17,311.25,1,Ocasionales
16782.0,2267.9500000000003,13,103,174.45769230769233,0,VIP / Premium
16784.0,107.6,1,3,107.6,1,Ocasionales
16788.0,594.39,2,138,297.195,2,Recurrentes
16789.0,80.80000000000001,1,5,80.80000000000001,1,Ocasionales
16790.0,1545.6200000000001,6,88,257.60333333333335,2,Recurrentes
16791.0,1705.78,7,218,243.68285714285713,2,Recurrentes
16792.0,110.38,2,11,55.19,1,Ocasionales
16793.0,243.84,1,16,243.84,1,Ocasionales
16794.0,1196.5,10,142,119.65,2,Recurrentes
16795.0,414.88,1,64,414.88,1,Ocasionales
16796.0,305.62,1,18,305.62,1,Ocasionales
16800.0,1162.65,1,148,1162.65,2,Recurrentes
16801.0,1594.23,4,72,398.5575,2,Recurrentes
16803.0,332.3,1,24,332.3,1,Ocasionales
16804.0,536.99,3,59,178.99666666666667,1,Ocasionales
16805.0,460.59000000000003,2,94,230.29500000000002,1,Ocasionales
16806.0,762.16,4,68,190.54,1,Ocasionales
16807.0,1121.59,3,57,373.8633333333333,2,Recurrentes
16808.0,288.42,2,21,144.21,1,Ocasionales
16809.0,914.69,5,79,182.93800000000002,2,Recurrentes
16810.0,309.54,1,15,309.54,1,Ocasionales
16811.0,547.07,2,26,273.535,1,Ocasionales
16812.0,479.35,1,15,479.35,1,Ocasionales
16813.0,1652.18,10,248,165.21800000000002,0,VIP / Premium
16814.0,6416.7,21,122,305.5571428571428,0,VIP / Premium
16816.0,417.06,4,28,104.265,1,Ocasionales
16817.0,1604.75,9,73,178.30555555555554,2,Recurrentes
16818.0,3349.57,11,172,304.50636363636363,0,VIP / Premium
16820.0,497.61,1,26,497.61,1,Ocasionales
16823.0,358.38,1,34,358.38,1,Ocasionales
16824.0,460.64,2,23,230.32,1,Ocasionales
16825.0,775.18,2,27,387.59,1,Ocasionales
16826.0,341.7,1,22,341.7,1,Ocasionales
16828.0,128.5,2,8,64.25,1,Ocasionales
16829.0,197.22,1,11,197.22,1,Ocasionales
16830.0,325.91,1,23,325.91,1,Ocasionales
16832.0,199.15,3,11,66.38333333333334,1,Ocasionales
16833.0,1106.53,4,46,276.6325,2,Recurrentes
16834.0,413.46,1,24,413.46,1,Ocasionales
16835.0,180.85,2,10,90.425,1,Ocasionales
16836.0,251.87,2,11,125.935,1,Ocasionales
16837.0,3170.98,11,123,288.2709090909091,0,VIP / Premium
16838.0,588.85,2,24,294.425,1,Ocasionales
16841.0,1869.82,6,101,311.63666666666666,2,Recurrentes
16842.0,1264.19,3,45,421.3966666666667,2,Recurrentes
16846.0,214.32,1,11,214.32,1,Ocasionales
16847.0,193.44,1,12,193.44,1,Ocasionales
16848.0,281.42,1,14,281.42,1,Ocasionales
16849.0,124.57,1,8,124.57,1,Ocasionales
16850.0,332.41,1,19,332.41,1,Ocasionales
16851.0,342.45,3,17,114.14999999999999,1,Ocasionales
16852.0,144.91,2,9,72.455,1,Ocasionales
16855.0,328.40000000000003,2,19,164.20000000000002,1,Ocasionales
16856.0,35.400000000000006,1,2,35.400000000000006,1,Ocasionales
16858.0,375.69000000000005,1,9,375.69000000000005,1,Ocasionales
16859.0,747.81,2,50,373.905,1,Ocasionales
16861.0,173.76,2,6,86.88,1,Ocasionales
16863.0,502.8,2,25,251.4,1,Ocasionales
16866.0,207.74,3,10,69.24666666666667,1,Ocasionales
16869.0,817.12,4,113,204.28,2,Recurrentes
16871.0,2812.34,6,131,468.72333333333336,2,Recurrentes
16872.0,680.02,3,5,226.67333333333332,1,Ocasionales
16875.0,2095.53,5,93,419.10600000000005,2,Recurrentes
16877.0,846.62,6,111,141.10333333333332,2,Recurrentes
16878.0,13.3,1,3,13.3,1,Ocasionales
16880.0,1491.43,7,121,213.0614285714286,2,Recurrentes
16881.0,432.0,1,1,432.0,1,Ocasionales
16882.0,705.12,3,39,235.04,1,Ocasionales
16883.0,272.48,2,33,136.24,1,Ocasionales
16884.0,429.84,2,26,214.92,1,Ocasionales
16885.0,450.41,3,82,150.13666666666668,1,Ocasionales
16887.0,192.32999999999998,1,35,192.32999999999998,1,Ocasionales
16889.0,1578.67,3,112,526.2233333333334,2,Recurrentes
16891.0,742.43,5,166,148.486,2,Recurrentes
16892.0,518.19,5,87,103.638,2,Recurrentes
16893.0,145.93,1,44,145.93,1,Ocasionales
16895.0,202.27,1,57,202.27,1,Ocasionales
16897.0,289.78,2,37,144.89,1,Ocasionales
16898.0,501.03000000000003,3,150,167.01000000000002,2,Recurrentes
16899.0,1271.06,6,80,211.84333333333333,2,Recurrentes
16900.0,887.11,3,78,295.7033333333333,2,Recurrentes
16902.0,1706.88,1,43,1706.88,2,Recurrentes
16903.0,363.2,1,50,363.2,1,Ocasionales
16905.0,3037.6,7,117,433.9428571428571,0,VIP / Premium
16906.0,559.59,4,74,139.8975,1,Ocasionales
16907.0,928.76,5,89,185.752,2,Recurrentes
16909.0,379.14,1,18,379.14,1,Ocasionales
16910.0,1508.96,8,318,188.62,0,VIP / Premium
16912.0,2555.58,11,88,232.32545454545453,2,Recurrentes
16913.0,113.44,1,8,113.44,1,Ocasionales
16914.0,183.76,1,25,183.76,1,Ocasionales
16915.0,621.6800000000001,6,46,103.61333333333334,1,Ocasionales
16916.0,562.41,2,129,281.205,2,Recurrentes
16917.0,391.52,1,9,391.52,1,Ocasionales
16918.0,1068.82,6,97,178.13666666666666,2,Recurrentes
16919.0,2592.25,11,141,235.6590909090909,0,VIP / Premium
16921.0,154.18,1,50,154.18,1,Ocasionales
16924.0,829.89,3,69,276.63,1,Ocasionales
16926.0,230.25,1,14,230.25,1,Ocasionales
16927.0,543.05,3,5,181.01666666666665,1,Ocasionales
16928.0,2814.7,17,69,165.5705882352941,0,VIP / Premium
16929.0,1295.39,7,51,185.0557142857143,2,Recurrentes
16930.0,378.89,3,47,126.29666666666667,1,Ocasionales
16932.0,150.23000000000002,1,44,150.23000000000002,1,Ocasionales
16933.0,563.23,2,42,281.615,1,Ocasionales
16934.0,931.03,2,59,465.515,1,Ocasionales
16936.0,261.9,1,56,261.9,1,Ocasionales
16938.0,2711.6800000000003,4,212,677.9200000000001,0,VIP / Premium
16940.0,3049.88,3,226,1016.6266666666667,0,VIP / Premium
16942.0,1904.99,9,159,211.66555555555556,2,Recurrentes
16943.0,816.73,3,23,272.24333333333334,1,Ocasionales
16945.0,4345.5,19,137,228.71052631578948,0,VIP / Premium
16947.0,406.48,1,21,406.48,1,Ocasionales
16948.0,435.02,3,15,145.00666666666666,1,Ocasionales
16949.0,1286.27,6,57,214.37833333333333,2,Recurrentes
16950.0,1178.56,3,39,392.8533333333333,2,Recurrentes
16951.0,1277.75,3,73,425.9166666666667,2,Recurrentes
16952.0,167.61,2,16,83.805,1,Ocasionales
16953.0,20.8,1,1,20.8,1,Ocasionales
16954.0,2085.08,9,40,231.67555555555555,2,Recurrentes
16955.0,518.67,4,18,129.6675,1,Ocasionales
16956.0,308.74,1,16,308.74,1,Ocasionales
16957.0,416.64,2,15,208.32,1,Ocasionales
16959.0,117.35000000000001,1,7,117.35000000000001,1,Ocasionales
16960.0,507.05,3,92,169.01666666666668,1,Ocasionales
16961.0,234.17000000000002,1,14,234.17000000000002,1,Ocasionales
16963.0,110.55000000000001,1,7,110.55000000000001,1,Ocasionales
16965.0,201.19,1,26,201.19,1,Ocasionales
16966.0,2154.97,7,8,307.8528571428571,2,Recurrentes
16967.0,319.02,1,21,319.02,1,Ocasionales
16968.0,439.43,2,31,219.715,1,Ocasionales
16969.0,650.41,3,42,216.8033333333333,1,Ocasionales
16971.0,357.21,1,40,357.21,1,Ocasionales
16976.0,251.51999999999998,1,2,251.51999999999998,1,Ocasionales
16978.0,344.33,1,39,344.33,1,Ocasionales
16979.0,1852.0,6,64,308.6666666666667,2,Recurrentes
16980.0,1028.46,2,71,514.23,2,Recurrentes
16982.0,384.06,1,22,384.06,1,Ocasionales
16983.0,1905.87,7,112,272.26714285714286,2,Recurrentes
16985.0,5464.12,10,62,546.412,0,VIP / Premium
16986.0,1873.2,2,3,936.6,2,Recurrentes
16987.0,1616.8,7,74,230.97142857142856,2,Recurrentes
16988.0,126.12,1,7,126.12,1,Ocasionales
16989.0,1133.25,6,7,188.875,2,Recurrentes
16990.0,179.0,1,1,179.0,1,Ocasionales
16992.0,1614.31,5,84,322.86199999999997,2,Recurrentes
16996.0,1456.96,6,13,242.82666666666668,2,Recurrentes
16997.0,702.0,3,7,234.0,1,Ocasionales
16998.0,295.0,4,1,73.75,1,Ocasionales
16999.0,484.82,2,21,242.41,1,Ocasionales
17001.0,3989.57,11,75,362.6881818181818,0,VIP / Premium
17002.0,1493.73,3,41,497.91,2,Recurrentes
17004.0,1312.1399999999999,2,38,656.0699999999999,2,Recurrentes
17006.0,781.78,4,37,195.445,1,Ocasionales
17007.0,889.9300000000001,6,50,148.3216666666667,2,Recurrentes
17010.0,195.36,1,11,195.36,1,Ocasionales
17011.0,270.9,1,15,270.9,1,Ocasionales
17014.0,583.4300000000001,3,63,194.4766666666667,1,Ocasionales
17015.0,1838.61,3,182,612.87,2,Recurrentes
17017.0,8694.26,20,88,434.713,0,VIP / Premium
17018.0,920.1,2,15,460.05,1,Ocasionales
17019.0,1258.08,4,166,314.52,2,Recurrentes
17022.0,71.0,1,7,71.0,1,Ocasionales
17024.0,95.85,3,2,31.95,1,Ocasionales
17025.0,357.77,3,8,119.25666666666666,1,Ocasionales
17026.0,154.83,2,4,77.415,1,Ocasionales
17027.0,877.5600000000001,6,110,146.26000000000002,2,Recurrentes
17029.0,716.0,2,1,358.0,1,Ocasionales
17030.0,146.87,1,11,146.87,1,Ocasionales
17031.0,380.35,2,19,190.175,1,Ocasionales
17033.0,1030.14,3,24,343.38000000000005,1,Ocasionales
17034.0,745.52,3,28,248.50666666666666,1,Ocasionales
17035.0,433.53000000000003,2,27,216.76500000000001,1,Ocasionales
17037.0,1267.32,1,75,1267.32,2,Recurrentes
17038.0,112.4,1,22,112.4,1,Ocasionales
17040.0,449.73,1,15,449.73,1,Ocasionales
17041.0,1071.49,3,59,357.16333333333336,2,Recurrentes
17042.0,1036.58,5,74,207.31599999999997,2,Recurrentes
17043.0,1735.18,4,100,433.795,2,Recurrentes
17044.0,948.48,1,6,948.48,1,Ocasionales
17045.0,339.44,3,20,113.14666666666666,1,Ocasionales
17046.0,642.02,1,22,642.02,1,Ocasionales
17047.0,1100.9,3,59,366.9666666666667,2,Recurrentes
17048.0,925.35,3,41,308.45,1,Ocasionales
17049.0,5655.03,9,201,628.3366666666666,0,VIP / Premium
17050.0,3185.64,6,169,530.9399999999999,0,VIP / Premium
17051.0,240.89,1,40,240.89,1,Ocasionales
17052.0,399.09,1,72,399.09,1,Ocasionales
17053.0,498.48,1,13,498.48,1,Ocasionales
17054.0,1356.33,5,64,271.26599999999996,2,Recurrentes
17058.0,1179.89,3,51,393.2966666666667,2,Recurrentes
17059.0,3080.39,5,292,616.078,0,VIP / Premium
17060.0,234.24,1,5,234.24,1,Ocasionales
17061.0,5232.2300000000005,11,57,475.65727272727275,0,VIP / Premium
17062.0,533.33,4,52,133.3325,1,Ocasionales
17063.0,1461.14,7,66,208.73428571428573,2,Recurrentes
17064.0,855.45,3,53,285.15000000000003,1,Ocasionales
17068.0,4552.14,21,116,216.76857142857145,0,VIP / Premium
17069.0,2709.7000000000003,9,111,301.0777777777778,2,Recurrentes
17070.0,304.24,1,62,304.24,1,Ocasionales
17071.0,2429.03,9,102,269.89222222222224,2,Recurrentes
17073.0,1446.09,4,142,361.5225,2,Recurrentes
17075.0,834.12,4,62,208.53,1,Ocasionales
17076.0,841.0799999999999,3,17,280.35999999999996,1,Ocasionales
17078.0,378.2,2,28,189.1,1,Ocasionales
17079.0,118.80000000000001,1,2,118.80000000000001,1,Ocasionales
17080.0,287.62,2,8,143.81,1,Ocasionales
17081.0,288.91,2,55,144.455,1,Ocasionales
17082.0,2003.8500000000001,2,75,1001.9250000000001,2,Recurrentes
17083.0,1405.78,3,24,468.5933333333333,2,Recurrentes
17084.0,2747.9900000000002,2,146,1373.9950000000001,0,VIP / Premium
17085.0,1562.4,5,115,312.48,2,Recurrentes
17086.0,2050.08,6,76,341.68,2,Recurrentes
17088.0,1991.01,4,96,497.7525,2,Recurrentes
17090.0,1974.65,7,45,282.09285714285716,2,Recurrentes
17091.0,3827.76,9,119,425.3066666666667,0,VIP / Premium
17092.0,1774.03,4,99,443.5075,2,Recurrentes
17094.0,302.0,1,14,302.0,1,Ocasionales
17095.0,1324.16,3,69,441.3866666666667,2,Recurrentes
17096.0,1022.13,4,46,255.5325,1,Ocasionales
17097.0,954.42,8,153,119.3025,2,Recurrentes
17100.0,971.74,2,65,485.87,2,Recurrentes
17101.0,1621.73,4,28,405.4325,2,Recurrentes
17102.0,25.5,1,1,25.5,1,Ocasionales
17105.0,665.78,2,80,332.89,1,Ocasionales
17109.0,881.29,6,107,146.88166666666666,2,Recurrentes
17110.0,163.29999999999998,1,12,163.29999999999998,1,Ocasionales
17111.0,231.61,1,29,231.61,1,Ocasionales
17114.0,801.12,8,85,100.14,2,Recurrentes
17115.0,837.5,3,33,279.1666666666667,1,Ocasionales
17117.0,116.2,1,9,116.2,1,Ocasionales
17118.0,157.02,1,10,157.02,1,Ocasionales
17119.0,606.91,2,35,303.455,1,Ocasionales
17120.0,307.46,1,18,307.46,1,Ocasionales
17122.0,138.32,1,7,138.32,1,Ocasionales
17123.0,345.3,1,9,345.3,1,Ocasionales
17124.0,294.24,1,31,294.24,1,Ocasionales
17125.0,230.5,1,34,230.5,1,Ocasionales
17126.0,989.45,5,187,197.89000000000001,2,Recurrentes
17128.0,157.09,1,14,157.09,1,Ocasionales
17131.0,2463.17,5,78,492.634,2,Recurrentes
17133.0,4892.240000000001,7,13,698.8914285714287,0,VIP / Premium
17134.0,413.2,2,21,206.6,1,Ocasionales
17135.0,1139.73,7,34,162.81857142857143,2,Recurrentes
17138.0,380.5,1,24,380.5,1,Ocasionales
17140.0,454.12,1,16,454.12,1,Ocasionales
17142.0,579.0,1,15,579.0,1,Ocasionales
17144.0,984.57,2,42,492.285,1,Ocasionales
17146.0,749.78,3,33,249.92666666666665,1,Ocasionales
17147.0,1714.59,4,68,428.6475,2,Recurrentes
17148.0,124.88,1,9,124.88,1,Ocasionales
17152.0,1689.5,3,9,563.1666666666666,2,Recurrentes
17153.0,213.78,1,14,213.78,1,Ocasionales
17154.0,329.34,1,23,329.34,1,Ocasionales
17155.0,251.7,2,19,125.85,1,Ocasionales
17157.0,319.0,2,11,159.5,1,Ocasionales
17158.0,1266.97,3,53,422.3233333333333,2,Recurrentes
17159.0,1538.88,3,96,512.96,2,Recurrentes
17160.0,3518.03,6,111,586.3383333333334,0,VIP / Premium
17162.0,1715.46,10,81,171.546,2,Recurrentes
17163.0,293.1,2,3,146.55,1,Ocasionales
17164.0,2467.35,7,92,352.4785714285714,2,Recurrentes
17165.0,158.68,1,10,158.68,1,Ocasionales
17166.0,206.34,2,11,103.17,1,Ocasionales
17169.0,835.78,2,51,417.89,1,Ocasionales
17171.0,224.91,1,16,224.91,1,Ocasionales
17172.0,317.76,1,15,317.76,1,Ocasionales
17173.0,3766.6,8,36,470.825,0,VIP / Premium
17174.0,59.9,1,4,59.9,1,Ocasionales
17175.0,1443.69,4,42,360.9225,2,Recurrentes
17176.0,306.13,1,15,306.13,1,Ocasionales
17179.0,711.79,3,56,237.26333333333332,1,Ocasionales
17180.0,783.97,4,91,195.9925,2,Recurrentes
17181.0,239.92000000000002,2,23,119.96000000000001,1,Ocasionales
17183.0,3347.31,6,42,557.885,2,Recurrentes
17186.0,144.0,2,1,72.0,1,Ocasionales
17187.0,203.95,1,10,203.95,1,Ocasionales
17188.0,2474.23,7,71,353.4614285714286,2,Recurrentes
17189.0,383.75,2,52,191.875,1,Ocasionales
17190.0,444.74,2,19,222.37,1,Ocasionales
17191.0,2093.68,7,163,299.09714285714284,2,Recurrentes
17193.0,1699.3,7,17,242.75714285714284,2,Recurrentes
17194.0,262.62,2,26,131.31,1,Ocasionales
17197.0,1013.01,1,29,1013.01,2,Recurrentes
17198.0,692.22,3,89,230.74,1,Ocasionales
17201.0,289.78000000000003,1,38,289.78000000000003,1,Ocasionales
17203.0,3560.08,6,116,593.3466666666667,0,VIP / Premium
17204.0,1564.56,4,44,391.14,2,Recurrentes
17205.0,384.08,1,13,384.08,1,Ocasionales
17206.0,204.24,1,7,204.24,1,Ocasionales
17211.0,2317.2200000000003,8,150,289.65250000000003,2,Recurrentes
17212.0,226.85,1,4,226.85,1,Ocasionales
17213.0,2781.23,7,85,397.31857142857143,2,Recurrentes
17214.0,1059.1200000000001,6,79,176.52,2,Recurrentes
17217.0,113.5,1,9,113.5,1,Ocasionales
17218.0,1951.97,10,146,195.197,2,Recurrentes
17219.0,114.23,1,24,114.23,1,Ocasionales
17220.0,3187.55,14,303,227.68214285714288,0,VIP / Premium
17221.0,334.48,2,59,167.24,1,Ocasionales
17222.0,328.65,1,27,328.65,1,Ocasionales
17223.0,416.89,2,43,208.445,1,Ocasionales
17226.0,393.49,1,21,393.49,1,Ocasionales
17227.0,939.32,6,28,156.55333333333334,2,Recurrentes
17228.0,1906.09,8,140,238.26125,2,Recurrentes
17229.0,318.76,2,39,159.38,1,Ocasionales
17230.0,3638.41,8,51,454.80125,0,VIP / Premium
17231.0,3124.72,10,292,312.472,0,VIP / Premium
17232.0,417.77,2,30,208.885,1,Ocasionales
17233.0,190.88,1,25,190.88,1,Ocasionales
17234.0,149.89,1,14,149.89,1,Ocasionales
17235.0,550.0600000000001,2,24,275.03000000000003,1,Ocasionales
17236.0,916.13,6,88,152.68833333333333,2,Recurrentes
17237.0,314.69,2,18,157.345,1,Ocasionales
17239.0,382.5,1,15,382.5,1,Ocasionales
17242.0,1135.04,2,30,567.52,1,Ocasionales
17244.0,954.9,1,31,954.9,2,Recurrentes
17245.0,171.45000000000002,1,9,171.45000000000002,1,Ocasionales
17247.0,280.09000000000003,1,53,280.09000000000003,1,Ocasionales
17248.0,318.65,1,68,318.65,1,Ocasionales
17250.0,381.97,2,55,190.985,1,Ocasionales
17251.0,269.83,1,37,269.83,1,Ocasionales
17252.0,348.90999999999997,2,86,174.45499999999998,1,Ocasionales
17253.0,178.26,1,18,178.26,1,Ocasionales
17254.0,271.19,2,100,135.595,1,Ocasionales
17255.0,291.48,2,69,145.74,1,Ocasionales
17256.0,240.0,2,12,120.0,1,Ocasionales
17259.0,581.23,2,104,290.615,1,Ocasionales
17262.0,1253.3600000000001,5,9,250.67200000000003,2,Recurrentes
17263.0,63.440000000000005,1,23,63.440000000000005,1,Ocasionales
17265.0,550.01,2,106,275.005,1,Ocasionales
17266.0,296.58,3,60,98.86,1,Ocasionales
17267.0,317.2,2,37,158.6,1,Ocasionales
17268.0,763.64,4,3,190.91,1,Ocasionales
17272.0,2148.63,4,70,537.1575,2,Recurrentes
17274.0,107.82,1,24,107.82,1,Ocasionales
17277.0,1065.3500000000001,2,67,532.6750000000001,2,Recurrentes
17278.0,246.04000000000002,1,15,246.04000000000002,1,Ocasionales
17279.0,187.82999999999998,1,8,187.82999999999998,1,Ocasionales
17282.0,1685.46,3,79,561.82,2,Recurrentes
17284.0,1647.48,6,229,274.58,2,Recurrentes
17286.0,151.37,1,44,151.37,1,Ocasionales
17287.0,1049.06,7,88,149.8657142857143,2,Recurrentes
17288.0,1417.6299999999999,7,118,202.51857142857142,2,Recurrentes
17289.0,931.02,3,86,310.34,2,Recurrentes
17290.0,513.01,2,92,256.505,1,Ocasionales
17291.0,550.8000000000001,1,1,550.8000000000001,1,Ocasionales
17293.0,1854.06,9,93,206.00666666666666,2,Recurrentes
17295.0,547.0,3,53,182.33333333333334,1,Ocasionales
17297.0,128.18,1,49,128.18,1,Ocasionales
17298.0,498.42,2,30,249.21,1,Ocasionales
17299.0,656.61,4,50,164.1525,1,Ocasionales
17301.0,163.24,1,59,163.24,1,Ocasionales
17302.0,1135.63,5,68,227.12600000000003,2,Recurrentes
17303.0,250.04,1,53,250.04,1,Ocasionales
17309.0,82.75,1,11,82.75,1,Ocasionales
17311.0,1384.85,2,55,692.425,2,Recurrentes
17312.0,644.3,3,11,214.76666666666665,1,Ocasionales
17314.0,2527.92,8,120,315.99,2,Recurrentes
17317.0,2600.34,3,8,866.7800000000001,2,Recurrentes
17320.0,1200.6200000000001,3,57,400.2066666666667,2,Recurrentes
17321.0,657.16,2,94,328.58,1,Ocasionales
17323.0,906.52,7,125,129.50285714285715,2,Recurrentes
17324.0,986.48,4,43,246.62,1,Ocasionales
17325.0,96.8,1,6,96.8,1,Ocasionales
17329.0,523.11,2,29,261.555,1,Ocasionales
17330.0,363.9,2,5,181.95,1,Ocasionales
17331.0,175.2,1,1,175.2,1,Ocasionales
17333.0,494.25,1,28,494.25,1,Ocasionales
17334.0,307.02000000000004,2,11,153.51000000000002,1,Ocasionales
17339.0,243.36,2,9,121.68,1,Ocasionales
17341.0,682.29,3,147,227.42999999999998,2,Recurrentes
17343.0,193.64,1,17,193.64,1,Ocasionales
17344.0,157.62,1,31,157.62,1,Ocasionales
17345.0,519.6899999999999,4,70,129.92249999999999,1,Ocasionales
17346.0,2622.88,15,299,174.85866666666666,0,VIP / Premium
17347.0,228.96,1,1,228.96,1,Ocasionales
17348.0,1156.6,5,180,231.32,2,Recurrentes
17349.0,98.25,1,8,98.25,1,Ocasionales
17350.0,1281.32,4,66,320.33,2,Recurrentes
17351.0,587.15,3,22,195.71666666666667,1,Ocasionales
17353.0,1740.0,2,5,870.0,2,Recurrentes
17354.0,1393.06,1,15,1393.06,2,Recurrentes
17356.0,178.22,1,19,178.22,1,Ocasionales
17357.0,384.39,2,41,192.195,1,Ocasionales
17358.0,360.81,2,55,180.405,1,Ocasionales
17359.0,127.86,1,13,127.86,1,Ocasionales
17360.0,568.24,3,113,189.41333333333333,1,Ocasionales
17361.0,488.2,3,26,162.73333333333332,1,Ocasionales
17362.0,312.23,2,30,156.115,1,Ocasionales
17364.0,4462.68,11,288,405.69818181818187,0,VIP / Premium
17365.0,4767.36,8,278,595.92,0,VIP / Premium
17367.0,167.55,1,33,167.55,1,Ocasionales
17368.0,1878.87,8,93,234.85875,2,Recurrentes
17370.0,446.18,4,31,111.545,1,Ocasionales
17371.0,418.4,3,83,139.46666666666667,1,Ocasionales
17372.0,1337.18,8,215,167.1475,2,Recurrentes
17373.0,646.92,4,47,161.73,1,Ocasionales
17374.0,495.77,2,24,247.885,1,Ocasionales
17375.0,400.1,3,63,133.36666666666667,1,Ocasionales
17376.0,203.2,2,23,101.6,1,Ocasionales
17377.0,4058.32,20,190,202.916,0,VIP / Premium
17379.0,389.71999999999997,1,71,389.71999999999997,1,Ocasionales
17382.0,65.4,1,2,65.4,1,Ocasionales
17383.0,193.39000000000001,1,49,193.39000000000001,1,Ocasionales
17384.0,336.4,2,12,168.2,1,Ocasionales
17385.0,256.11,1,42,256.11,1,Ocasionales
17386.0,2686.42,6,23,447.7366666666667,2,Recurrentes
17387.0,746.81,2,71,373.405,1,Ocasionales
17388.0,1259.56,4,13,314.89,1,Ocasionales
17391.0,508.8,2,2,254.4,1,Ocasionales
17392.0,417.27,2,53,208.635,1,Ocasionales
17394.0,203.86999999999998,1,4,203.86999999999998,1,Ocasionales
17396.0,7330.8,8,24,916.35,0,VIP / Premium
17397.0,681.41,2,88,340.705,1,Ocasionales
17398.0,653.38,3,30,217.79333333333332,1,Ocasionales
17400.0,2097.84,5,175,419.56800000000004,2,Recurrentes
17402.0,2633.85,13,33,202.60384615384615,2,Recurrentes
17403.0,263.92,1,32,263.92,1,Ocasionales
17405.0,1031.41,3,77,343.80333333333334,2,Recurrentes
17406.0,2184.42,3,99,728.14,2,Recurrentes
17408.0,32.65,1,2,32.65,1,Ocasionales
17409.0,771.85,2,13,385.925,1,Ocasionales
17410.0,1214.72,5,57,242.94400000000002,2,Recurrentes
17411.0,778.94,3,39,259.6466666666667,1,Ocasionales
17412.0,1258.06,7,48,179.72285714285712,2,Recurrentes
17414.0,778.0,2,5,389.0,1,Ocasionales
17415.0,507.84,1,14,507.84,1,Ocasionales
17416.0,6893.42,7,186,984.7742857142857,0,VIP / Premium
17418.0,463.46000000000004,2,29,231.73000000000002,1,Ocasionales
17419.0,4226.57,12,155,352.21416666666664,0,VIP / Premium
17420.0,598.83,3,28,199.61,1,Ocasionales
17422.0,1979.37,6,93,329.895,2,Recurrentes
17423.0,698.41,2,26,349.205,1,Ocasionales
17425.0,759.1700000000001,2,42,379.58500000000004,1,Ocasionales
17426.0,5037.26,6,179,839.5433333333334,0,VIP / Premium
17427.0,100.8,1,2,100.8,1,Ocasionales
17429.0,524.9200000000001,3,36,174.97333333333336,1,Ocasionales
17430.0,265.76,2,14,132.88,1,Ocasionales
17431.0,403.3,1,41,403.3,1,Ocasionales
17432.0,365.76,2,44,182.88,1,Ocasionales
17433.0,303.16,1,53,303.16,1,Ocasionales
17434.0,2373.82,7,100,339.1171428571429,2,Recurrentes
17436.0,216.3,2,7,108.15,1,Ocasionales
17438.0,388.45000000000005,1,17,388.45000000000005,1,Ocasionales
17440.0,186.42000000000002,3,3,62.14000000000001,1,Ocasionales
17442.0,2248.56,6,96,374.76,2,Recurrentes
17443.0,534.24,1,1,534.24,1,Ocasionales
17444.0,2940.04,3,132,980.0133333333333,2,Recurrentes
17446.0,120.89999999999999,2,6,60.449999999999996,1,Ocasionales
17447.0,541.53,2,33,270.765,1,Ocasionales
17449.0,2519.21,7,178,359.88714285714286,0,VIP / Premium
17451.0,1721.4,7,83,245.91428571428574,2,Recurrentes
17453.0,486.72,2,19,243.36,1,Ocasionales
17454.0,517.53,4,57,129.3825,1,Ocasionales
17455.0,131.7,1,8,131.7,1,Ocasionales
17456.0,249.86,1,17,249.86,1,Ocasionales
17457.0,1737.7,5,14,347.54,2,Recurrentes
17458.0,316.5,1,52,316.5,1,Ocasionales
17459.0,657.3,2,88,328.65,1,Ocasionales
17460.0,622.4300000000001,6,18,103.73833333333334,1,Ocasionales
17461.0,735.82,3,104,245.27333333333334,2,Recurrentes
17462.0,675.69,2,25,337.845,1,Ocasionales
17463.0,1875.8600000000001,5,162,375.172,2,Recurrentes
17464.0,289.96000000000004,1,9,289.96000000000004,1,Ocasionales
17466.0,763.28,2,41,381.64,1,Ocasionales
17468.0,137.0,2,5,68.5,1,Ocasionales
17469.0,1870.97,5,61,374.194,2,Recurrentes
17470.0,1125.07,5,67,225.01399999999998,2,Recurrentes
17472.0,697.54,3,142,232.51333333333332,2,Recurrentes
17475.0,194.37,1,14,194.37,1,Ocasionales
17480.0,511.82,1,29,511.82,1,Ocasionales
17481.0,1255.59,4,69,313.8975,2,Recurrentes
17483.0,414.04,3,18,138.01333333333335,1,Ocasionales
17486.0,396.87,1,24,396.87,1,Ocasionales
17489.0,376.64,2,28,188.32,1,Ocasionales
17490.0,2092.32,7,63,298.90285714285716,2,Recurrentes
17491.0,3558.87,10,72,355.887,0,VIP / Premium
17492.0,374.57,1,12,374.57,1,Ocasionales
17495.0,497.56,2,21,248.78,1,Ocasionales
17496.0,271.05,1,10,271.05,1,Ocasionales
17498.0,272.21999999999997,1,17,272.21999999999997,1,Ocasionales
17499.0,622.88,1,40,622.88,1,Ocasionales
17500.0,1138.0,3,3,379.3333333333333,1,Ocasionales
17501.0,288.6,2,18,144.3,1,Ocasionales
17502.0,689.1,4,25,172.275,1,Ocasionales
17503.0,558.96,2,36,279.48,1,Ocasionales
17504.0,2997.03,9,112,333.00333333333333,0,VIP / Premium
17505.0,1145.8400000000001,2,48,572.9200000000001,2,Recurrentes
17506.0,302.2,1,14,302.2,1,Ocasionales
17507.0,605.58,2,79,302.79,1,Ocasionales
17508.0,387.31,1,22,387.31,1,Ocasionales
17509.0,6083.64,8,75,760.455,0,VIP / Premium
17510.0,308.48,1,20,308.48,1,Ocasionales
17512.0,2924.9900000000002,10,61,292.499,2,Recurrentes
17513.0,513.2,1,6,513.2,1,Ocasionales
17514.0,208.65,1,40,208.65,1,Ocasionales
17515.0,639.02,4,49,159.755,1,Ocasionales
17516.0,764.88,5,113,152.976,2,Recurrentes
17517.0,153.94,1,11,153.94,1,Ocasionales
17519.0,1844.02,6,60,307.33666666666664,2,Recurrentes
17520.0,546.81,1,30,546.81,1,Ocasionales
17521.0,723.21,3,38,241.07000000000002,1,Ocasionales
17522.0,1070.71,5,59,214.142,2,Recurrentes
17523.0,652.74,4,25,163.185,1,Ocasionales
17524.0,145.0,1,6,145.0,1,Ocasionales
17525.0,422.7,1,9,422.7,1,Ocasionales
17526.0,1195.8999999999999,4,17,298.97499999999997,1,Ocasionales
17527.0,939.37,4,45,234.8425,1,Ocasionales
17528.0,3628.5,8,183,453.5625,0,VIP / Premium
17530.0,2367.12,10,306,236.712,0,VIP / Premium
17531.0,296.7,1,14,296.7,1,Ocasionales
17534.0,223.36,1,9,223.36,1,Ocasionales
17535.0,164.4,1,13,164.4,1,Ocasionales
17536.0,76.5,1,3,76.5,1,Ocasionales
17537.0,887.6700000000001,2,74,443.83500000000004,1,Ocasionales
17538.0,98.42,1,9,98.42,1,Ocasionales
17540.0,578.9,2,20,289.45,1,Ocasionales
17542.0,170.75,1,24,170.75,1,Ocasionales
17545.0,642.32,3,122,214.10666666666668,2,Recurrentes
17548.0,103.3,1,5,103.3,1,Ocasionales
17549.0,148.86,2,5,74.43,1,Ocasionales
17550.0,267.16,3,42,89.05333333333334,1,Ocasionales
17551.0,290.34,1,39,290.34,1,Ocasionales
17552.0,930.41,4,43,232.6025,1,Ocasionales
17553.0,1487.6,1,2,1487.6,2,Recurrentes
17554.0,1952.45,5,58,390.49,2,Recurrentes
17555.0,480.31,2,101,240.155,1,Ocasionales
17556.0,157.9,1,6,157.9,1,Ocasionales
17557.0,541.46,3,27,180.48666666666668,1,Ocasionales
17560.0,854.95,4,22,213.7375,1,Ocasionales
17561.0,165.12,1,44,165.12,1,Ocasionales
17562.0,1122.38,7,48,160.34,2,Recurrentes
17564.0,454.01,3,38,151.33666666666667,1,Ocasionales
17566.0,869.77,2,113,434.885,2,Recurrentes
17567.0,4331.48,8,110,541.435,0,VIP / Premium
17569.0,344.14,1,29,344.14,1,Ocasionales
17571.0,1425.67,4,247,356.4175,2,Recurrentes
17572.0,226.75000000000003,4,7,56.68750000000001,1,Ocasionales
17573.0,380.6,3,24,126.86666666666667,1,Ocasionales
17574.0,185.65,1,8,185.65,1,Ocasionales
17576.0,3564.83,19,245,187.62263157894736,0,VIP / Premium
17578.0,143.45999999999998,1,5,143.45999999999998,1,Ocasionales
17579.0,448.90000000000003,3,46,149.63333333333335,1,Ocasionales
17580.0,215.72,3,43,71.90666666666667,1,Ocasionales
17582.0,175.27,1,28,175.27,1,Ocasionales
17584.0,1242.3,2,30,621.15,2,Recurrentes
17585.0,1116.68,4,176,279.17,2,Recurrentes
17588.0,1240.2,3,19,413.40000000000003,1,Ocasionales
17589.0,2404.17,4,172,601.0425,2,Recurrentes
17590.0,1468.02,3,162,489.34,2,Recurrentes
17591.0,2203.67,7,81,314.81,2,Recurrentes
17593.0,3923.86,5,190,784.772,0,VIP / Premium
17594.0,993.1800000000001,2,42,496.59000000000003,1,Ocasionales
17595.0,386.69,2,68,193.345,1,Ocasionales
17596.0,2806.69,7,168,400.9557142857143,0,VIP / Premium
17597.0,2044.3700000000001,1,55,2044.3700000000001,2,Recurrentes
17600.0,161.67000000000002,1,13,161.67000000000002,1,Ocasionales
17601.0,116.00999999999999,1,9,116.00999999999999,1,Ocasionales
17603.0,394.72,1,11,394.72,1,Ocasionales
17604.0,309.36,2,57,154.68,1,Ocasionales
17608.0,191.99,2,54,95.995,1,Ocasionales
17609.0,1105.78,5,199,221.156,2,Recurrentes
17612.0,2048.45,6,116,341.4083333333333,2,Recurrentes
17613.0,4544.55,14,211,324.6107142857143,0,VIP / Premium
17614.0,386.32,1,97,386.32,1,Ocasionales
17615.0,329.6,3,13,109.86666666666667,1,Ocasionales
17616.0,571.1999999999999,3,1,190.39999999999998,1,Ocasionales
17618.0,930.28,3,56,310.0933333333333,1,Ocasionales
17619.0,214.37,1,71,214.37,1,Ocasionales
17620.0,81.44,1,4,81.44,1,Ocasionales
17621.0,1379.9,3,24,459.9666666666667,2,Recurrentes
17623.0,527.05,1,33,527.05,1,Ocasionales
17624.0,843.48,2,49,421.74,1,Ocasionales
17625.0,2020.4,4,223,505.1,2,Recurrentes
17628.0,75.75,1,5,75.75,1,Ocasionales
17629.0,1814.1200000000001,8,106,226.76500000000001,2,Recurrentes
17630.0,503.6,2,24,251.8,1,Ocasionales
17631.0,528.33,3,39,176.11,1,Ocasionales
17633.0,1324.84,4,59,331.21,2,Recurrentes
17634.0,2358.59,9,209,262.0655555555556,0,VIP / Premium
17636.0,285.56,1,20,285.56,1,Ocasionales
17637.0,547.0600000000001,2,35,273.53000000000003,1,Ocasionales
17639.0,108.5,1,7,108.5,1,Ocasionales
17640.0,621.66,1,5,621.66,1,Ocasionales
17642.0,712.29,2,34,356.145,1,Ocasionales
17643.0,101.55,1,8,101.55,1,Ocasionales
17644.0,2895.64,11,102,263.24,0,VIP / Premium
17646.0,1008.39,3,46,336.13,1,Ocasionales
17647.0,133.06,1,7,133.06,1,Ocasionales
17648.0,1797.5,4,81,449.375,2,Recurrentes
17649.0,868.49,1,52,868.49,2,Recurrentes
17650.0,166.07999999999998,1,8,166.07999999999998,1,Ocasionales
17651.0,3945.0,10,149,394.5,0,VIP / Premium
17652.0,4867.72,12,118,405.6433333333334,0,VIP / Premium
17653.0,1207.56,4,44,301.89,2,Recurrentes
17654.0,117.55,1,22,117.55,1,Ocasionales
17655.0,2638.94,7,66,376.99142857142857,2,Recurrentes
17656.0,1674.69,5,67,334.938,2,Recurrentes
17658.0,595.42,2,17,297.71,1,Ocasionales
17659.0,2999.46,12,127,249.955,0,VIP / Premium
17660.0,178.75,1,37,178.75,1,Ocasionales
17663.0,1802.91,7,63,257.55857142857144,2,Recurrentes
17664.0,604.64,2,41,302.32,1,Ocasionales
17666.0,728.16,2,14,364.08,1,Ocasionales
17667.0,2055.51,5,85,411.10200000000003,2,Recurrentes
17668.0,347.75,2,14,173.875,1,Ocasionales
17669.0,3406.7200000000003,7,45,486.67428571428576,2,Recurrentes
17670.0,205.7,1,11,205.7,1,Ocasionales
17671.0,1572.71,4,40,393.1775,2,Recurrentes
17672.0,3178.17,2,105,1589.085,0,VIP / Premium
17673.0,1594.97,6,118,265.8283333333333,2,Recurrentes
17674.0,551.04,2,19,275.52,1,Ocasionales
17676.0,1371.18,6,49,228.53,2,Recurrentes
17678.0,298.11,1,16,298.11,1,Ocasionales
17679.0,1992.1100000000001,2,29,996.0550000000001,2,Recurrentes
17680.0,184.4,1,11,184.4,1,Ocasionales
17682.0,2474.33,6,48,412.3883333333333,2,Recurrentes
17684.0,239.41,1,15,239.41,1,Ocasionales
17685.0,3155.83,7,88,450.8328571428571,2,Recurrentes
17686.0,5739.46,7,205,819.9228571428572,0,VIP / Premium
17690.0,4726.8,15,186,315.12,0,VIP / Premium
17691.0,290.40000000000003,2,18,145.20000000000002,1,Ocasionales
17692.0,740.94,4,34,185.235,1,Ocasionales
17693.0,200.47,1,16,200.47,1,Ocasionales
17694.0,283.12,1,15,283.12,1,Ocasionales
17695.0,765.34,2,30,382.67,1,Ocasionales
17696.0,2285.71,8,78,285.71375,2,Recurrentes
17697.0,338.95,1,19,338.95,1,Ocasionales
17698.0,154.95,1,8,154.95,1,Ocasionales
17700.0,2534.64,4,116,633.66,2,Recurrentes
17701.0,417.95,1,24,417.95,1,Ocasionales
17702.0,1824.37,4,58,456.0925,2,Recurrentes
17703.0,798.74,3,47,266.24666666666667,1,Ocasionales
17704.0,885.19,2,27,442.595,1,Ocasionales
17705.0,1823.52,9,63,202.61333333333334,2,Recurrentes
17707.0,152.4,2,3,76.2,1,Ocasionales
17708.0,263.33,2,28,131.665,1,Ocasionales
17709.0,137.45,1,7,137.45,1,Ocasionales
17711.0,385.1,2,22,192.55,1,Ocasionales
17712.0,522.91,1,29,522.91,1,Ocasionales
17714.0,153.0,1,10,153.0,1,Ocasionales
17715.0,326.4,1,1,326.4,1,Ocasionales
17716.0,5655.99,11,171,514.180909090909,0,VIP / Premium
17718.0,139.35,1,6,139.35,1,Ocasionales
17719.0,5396.04,15,111,359.736,0,VIP / Premium
17720.0,1195.94,4,39,298.985,2,Recurrentes
17722.0,2424.04,4,111,606.01,2,Recurrentes
17723.0,3276.4000000000005,6,4,546.0666666666667,2,Recurrentes
17724.0,1033.0,3,38,344.3333333333333,1,Ocasionales
17725.0,3439.08,11,115,312.64363636363635,0,VIP / Premium
17727.0,1060.25,1,66,1060.25,2,Recurrentes
17728.0,2876.01,3,153,958.6700000000001,0,VIP / Premium
17730.0,5298.4800000000005,13,127,407.5753846153847,0,VIP / Premium
17731.0,1240.11,4,54,310.0275,2,Recurrentes
17732.0,303.97,1,18,303.97,1,Ocasionales
17733.0,692.19,2,33,346.095,1,Ocasionales
17734.0,700.63,3,40,233.54333333333332,1,Ocasionales
17736.0,377.44,3,24,125.81333333333333,1,Ocasionales
17737.0,168.24,2,8,84.12,1,Ocasionales
17738.0,1879.05,4,89,469.7625,2,Recurrentes
17739.0,2791.35,7,29,398.7642857142857,2,Recurrentes
17742.0,355.11,2,13,177.555,1,Ocasionales
17744.0,2322.4,6,110,387.06666666666666,2,Recurrentes
17746.0,110.25,1,6,110.25,1,Ocasionales
17747.0,71.4,1,1,71.4,1,Ocasionales
17749.0,674.52,2,33,337.26,1,Ocasionales
17750.0,1710.45,9,101,190.05,2,Recurrentes
17752.0,80.64,1,1,80.64,1,Ocasionales
17754.0,1664.6499999999999,5,82,332.92999999999995,2,Recurrentes
17758.0,3408.2,8,310,426.025,0,VIP / Premium
17759.0,819.96,3,82,273.32,1,Ocasionales
17760.0,287.59,2,25,143.795,1,Ocasionales
17761.0,712.78,1,19,712.78,1,Ocasionales
17763.0,15.0,1,1,15.0,1,Ocasionales
17764.0,772.55,2,71,386.275,1,Ocasionales
17765.0,367.63,3,51,122.54333333333334,1,Ocasionales
17767.0,271.2,1,21,271.2,1,Ocasionales
17768.0,2081.9,3,77,693.9666666666667,2,Recurrentes
17769.0,3957.43,10,200,395.743,0,VIP / Premium
17770.0,1143.27,5,33,228.654,2,Recurrentes
17771.0,245.81,2,51,122.905,1,Ocasionales
17772.0,173.45,2,50,86.725,1,Ocasionales
17774.0,1213.73,4,123,303.4325,2,Recurrentes
17775.0,56.4,1,3,56.4,1,Ocasionales
17777.0,647.56,3,141,215.85333333333332,2,Recurrentes
17779.0,650.32,3,73,216.77333333333334,1,Ocasionales
17781.0,188.02,2,12,94.01,1,Ocasionales
17783.0,283.47,2,67,141.735,1,Ocasionales
17785.0,131.94,1,13,131.94,1,Ocasionales
17786.0,266.85,2,57,133.425,1,Ocasionales
17787.0,1817.54,4,94,454.385,2,Recurrentes
17788.0,1117.9,2,3,558.95,1,Ocasionales
17789.0,225.9,1,14,225.9,1,Ocasionales
17790.0,1964.3,14,121,140.30714285714285,0,VIP / Premium
17791.0,106.1,1,10,106.1,1,Ocasionales
17793.0,300.34,1,49,300.34,1,Ocasionales
17795.0,342.83,2,43,171.415,1,Ocasionales
17796.0,690.0,4,63,172.5,1,Ocasionales
17797.0,780.43,3,102,260.1433333333333,2,Recurrentes
17799.0,3039.17,10,280,303.91700000000003,0,VIP / Premium
17800.0,1187.21,9,51,131.91222222222223,2,Recurrentes
17802.0,1285.04,3,102,428.34666666666664,2,Recurrentes
17805.0,512.31,1,10,512.31,1,Ocasionales
17806.0,546.04,1,43,546.04,1,Ocasionales
17809.0,5411.91,12,46,450.9925,0,VIP / Premium
17812.0,699.81,4,113,174.9525,2,Recurrentes
17813.0,1698.07,5,297,339.614,0,VIP / Premium
17816.0,36.56,4,16,9.14,1,Ocasionales
17817.0,387.68,3,32,129.22666666666666,1,Ocasionales
17819.0,3704.87,7,36,529.2671428571429,2,Recurrentes
17824.0,298.4,1,13,298.4,1,Ocasionales
17827.0,1987.33,5,190,397.466,2,Recurrentes
17828.0,1820.09,4,54,455.0225,2,Recurrentes
17829.0,889.24,1,30,889.24,1,Ocasionales
17830.0,398.7,3,18,132.9,1,Ocasionales
17831.0,35.400000000000006,1,2,35.400000000000006,1,Ocasionales
17832.0,155.37,1,61,155.37,1,Ocasionales
17835.0,342.24,3,45,114.08,1,Ocasionales
17836.0,110.21000000000001,1,23,110.21000000000001,1,Ocasionales
17837.0,1541.23,8,110,192.65375,2,Recurrentes
17838.0,2720.8,5,96,544.1600000000001,2,Recurrentes
17839.0,318.15,1,50,318.15,1,Ocasionales
17843.0,205.48,1,36,205.48,1,Ocasionales
17844.0,51.559999999999995,1,5,51.559999999999995,1,Ocasionales
17848.0,901.2,9,41,100.13333333333334,2,Recurrentes
17849.0,605.8000000000001,4,14,151.45000000000002,1,Ocasionales
17852.0,114.34,2,21,57.17,1,Ocasionales
17854.0,311.26,2,15,155.63,1,Ocasionales
17855.0,208.97,1,17,208.97,1,Ocasionales
17856.0,1418.03,4,12,354.5075,2,Recurrentes
17858.0,5140.66,12,101,428.3883333333333,0,VIP / Premium
17859.0,141.92,1,23,141.92,1,Ocasionales
17860.0,226.45000000000002,1,49,226.45000000000002,1,Ocasionales
17861.0,2097.88,8,172,262.235,2,Recurrentes
17862.0,330.9,1,11,330.9,1,Ocasionales
17863.0,3160.0,6,110,526.6666666666666,2,Recurrentes
17864.0,554.85,3,70,184.95000000000002,1,Ocasionales
17866.0,329.65000000000003,1,9,329.65000000000003,1,Ocasionales
17867.0,1157.8700000000001,6,62,192.97833333333335,2,Recurrentes
17869.0,428.18,5,37,85.636,1,Ocasionales
17870.0,1865.8899999999999,12,214,155.4908333333333,0,VIP / Premium
17871.0,155.9,1,10,155.9,1,Ocasionales
17873.0,1848.96,5,24,369.79200000000003,2,Recurrentes
17874.0,683.46,6,37,113.91000000000001,1,Ocasionales
17877.0,237.61,1,12,237.61,1,Ocasionales
17878.0,379.45,1,26,379.45,1,Ocasionales
17879.0,178.52,1,6,178.52,1,Ocasionales
17880.0,458.92,1,26,458.92,1,Ocasionales
17881.0,133.35,1,8,133.35,1,Ocasionales
17883.0,664.34,4,133,166.085,2,Recurrentes
17884.0,695.07,4,107,173.7675,2,Recurrentes
17885.0,156.34,1,50,156.34,1,Ocasionales
17886.0,869.28,3,93,289.76,2,Recurrentes
17887.0,111.35,1,10,111.35,1,Ocasionales
17888.0,716.0,8,60,89.5,2,Recurrentes
17889.0,201.37,2,20,100.685,1,Ocasionales
17890.0,586.89,2,88,293.445,1,Ocasionales
17891.0,203.85999999999999,1,34,203.85999999999999,1,Ocasionales
17892.0,244.1,3,27,81.36666666666666,1,Ocasionales
17893.0,107.21,1,15,107.21,1,Ocasionales
17894.0,1118.96,8,127,139.87,2,Recurrentes
17895.0,95.45,1,15,95.45,1,Ocasionales
17896.0,256.32,1,2,256.32,1,Ocasionales
17897.0,541.81,3,100,180.60333333333332,1,Ocasionales
17898.0,152.06,2,27,76.03,1,Ocasionales
17899.0,154.55,1,29,154.55,1,Ocasionales
17900.0,112.19999999999999,2,4,56.099999999999994,1,Ocasionales
17901.0,110.38,1,19,110.38,1,Ocasionales
17904.0,181.07,1,33,181.07,1,Ocasionales
17905.0,798.99,4,33,199.7475,1,Ocasionales
17906.0,72.9,1,12,72.9,1,Ocasionales
17908.0,232.03,1,51,232.03,1,Ocasionales
17911.0,366.23,1,39,366.23,1,Ocasionales
17912.0,310.06,5,35,62.012,1,Ocasionales
17913.0,408.65,2,55,204.325,1,Ocasionales
17914.0,329.36,1,72,329.36,1,Ocasionales
17917.0,335.03,3,77,111.67666666666666,1,Ocasionales
17919.0,1304.04,1,23,1304.04,2,Recurrentes
17921.0,820.23,4,114,205.0575,2,Recurrentes
17923.0,207.50000000000003,1,1,207.50000000000003,1,Ocasionales
17924.0,2962.5,7,26,423.2142857142857,2,Recurrentes
17925.0,244.08,1,1,244.08,1,Ocasionales
17926.0,397.29,2,17,198.645,1,Ocasionales
17928.0,212.54,2,23,106.27,1,Ocasionales
17929.0,843.0,4,4,210.75,1,Ocasionales
17930.0,1740.48,5,26,348.096,2,Recurrentes
17931.0,408.36,2,63,204.18,1,Ocasionales
17932.0,1331.57,3,84,443.8566666666666,2,Recurrentes
17934.0,704.25,2,21,352.125,1,Ocasionales
17935.0,145.79,2,28,72.895,1,Ocasionales
17936.0,380.13,1,68,380.13,1,Ocasionales
17937.0,4301.22,7,19,614.46,0,VIP / Premium
17939.0,99.14,1,12,99.14,1,Ocasionales
17940.0,4020.04,10,6,402.004,0,VIP / Premium
17941.0,304.56,1,2,304.56,1,Ocasionales
17942.0,77.50000000000001,1,2,77.50000000000001,1,Ocasionales
17946.0,149.57999999999998,2,18,74.78999999999999,1,Ocasionales
17947.0,176.68,1,9,176.68,1,Ocasionales
17948.0,358.56000000000006,1,1,358.56000000000006,1,Ocasionales
17950.0,482.2,3,63,160.73333333333332,1,Ocasionales
17951.0,1008.5400000000001,3,18,336.18,1,Ocasionales
17955.0,557.3,4,14,139.325,1,Ocasionales
17956.0,12.75,1,1,12.75,1,Ocasionales
17957.0,111.68,1,31,111.68,1,Ocasionales
17958.0,508.46000000000004,1,7,508.46000000000004,1,Ocasionales
17960.0,73.78,1,26,73.78,1,Ocasionales
17962.0,102.41,1,33,102.41,1,Ocasionales
17964.0,463.21,2,84,231.605,1,Ocasionales
17965.0,2599.19,14,274,185.65642857142856,0,VIP / Premium
17966.0,1098.43,5,53,219.686,2,Recurrentes
17967.0,112.27,1,41,112.27,1,Ocasionales
17968.0,265.1,1,74,265.1,1,Ocasionales
17969.0,228.2,2,14,114.1,1,Ocasionales
17970.0,562.79,1,27,562.79,1,Ocasionales
17972.0,135.19,1,30,135.19,1,Ocasionales
17973.0,337.04,1,15,337.04,1,Ocasionales
17974.0,703.99,3,143,234.66333333333333,2,Recurrentes
17975.0,4483.26,13,189,344.86615384615385,0,VIP / Premium
17976.0,321.79,1,56,321.79,1,Ocasionales
17977.0,288.14,1,19,288.14,1,Ocasionales
17978.0,300.91999999999996,1,12,300.91999999999996,1,Ocasionales
17979.0,732.41,4,116,183.1025,2,Recurrentes
17980.0,811.45,3,23,270.48333333333335,1,Ocasionales
17984.0,152.68,1,48,152.68,1,Ocasionales
17985.0,631.35,1,20,631.35,1,Ocasionales
17986.0,20.8,1,1,20.8,1,Ocasionales
17987.0,198.57,1,13,198.57,1,Ocasionales
17988.0,201.12,7,37,28.731428571428573,1,Ocasionales
17990.0,630.84,3,27,210.28,1,Ocasionales
17991.0,93.35,2,4,46.675,1,Ocasionales
17994.0,674.89,4,63,168.7225,1,Ocasionales
17995.0,76.1,1,2,76.1,1,Ocasionales
17997.0,1962.46,8,133,245.3075,2,Recurrentes
17999.0,380.39,2,87,190.195,1,Ocasionales
18001.0,415.13,2,56,207.565,1,Ocasionales
18004.0,157.92,1,32,157.92,1,Ocasionales
18005.0,226.47,2,52,113.235,1,Ocasionales
18006.0,444.68,1,21,444.68,1,Ocasionales
18008.0,2116.19,9,24,235.13222222222223,2,Recurrentes
18009.0,247.39,1,31,247.39,1,Ocasionales
18010.0,174.8,1,14,174.8,1,Ocasionales
18011.0,102.78999999999999,1,28,102.78999999999999,1,Ocasionales
18013.0,187.29,2,31,93.645,1,Ocasionales
18014.0,162.22,1,29,162.22,1,Ocasionales
18015.0,120.03,1,46,120.03,1,Ocasionales
18016.0,1477.66,5,90,295.53200000000004,2,Recurrentes
18017.0,523.0,3,1,174.33333333333334,1,Ocasionales
18018.0,122.14,2,29,61.07,1,Ocasionales
18019.0,38.45,1,5,38.45,1,Ocasionales
18022.0,612.72,1,141,612.72,2,Recurrentes
18024.0,389.78,2,21,194.89,1,Ocasionales
18027.0,115.31,1,21,115.31,1,Ocasionales
18030.0,230.64999999999998,2,8,115.32499999999999,1,Ocasionales
18032.0,73.5,1,5,73.5,1,Ocasionales
18033.0,93.82000000000001,1,32,93.82000000000001,1,Ocasionales
18034.0,418.68,2,99,209.34,1,Ocasionales
18035.0,713.89,3,44,237.96333333333334,1,Ocasionales
18036.0,403.12,3,77,134.37333333333333,1,Ocasionales
18037.0,70.02,6,19,11.67,1,Ocasionales
18040.0,357.20000000000005,2,18,178.60000000000002,1,Ocasionales
18042.0,165.04999999999998,1,7,165.04999999999998,1,Ocasionales
18043.0,529.29,3,106,176.42999999999998,1,Ocasionales
18044.0,2088.6,10,88,208.85999999999999,2,Recurrentes
18045.0,178.34,1,43,178.34,1,Ocasionales
18048.0,172.29000000000002,2,6,86.14500000000001,1,Ocasionales
18050.0,74.4,1,5,74.4,1,Ocasionales
18053.0,300.02,1,20,300.02,1,Ocasionales
18055.0,6761.34,10,223,676.134,0,VIP / Premium
18056.0,363.65,1,19,363.65,1,Ocasionales
18058.0,170.16,1,3,170.16,1,Ocasionales
18059.0,306.46,3,17,102.15333333333332,1,Ocasionales
18061.0,2119.41,10,18,211.94099999999997,2,Recurrentes
18062.0,720.52,3,23,240.17333333333332,1,Ocasionales
18064.0,814.0,2,7,407.0,1,Ocasionales
18065.0,2392.83,14,110,170.91642857142855,0,VIP / Premium
18066.0,318.0,1,10,318.0,1,Ocasionales
18067.0,396.33,1,36,396.33,1,Ocasionales
18068.0,101.7,1,1,101.7,1,Ocasionales
18069.0,2009.24,5,334,401.848,0,VIP / Premium
18071.0,453.0,2,23,226.5,1,Ocasionales
18072.0,247.44,1,18,247.44,1,Ocasionales
18073.0,3859.82,12,23,321.6516666666667,0,VIP / Premium
18074.0,489.6,1,13,489.6,1,Ocasionales
18075.0,2611.75,10,97,261.175,2,Recurrentes
18077.0,2584.41,11,101,234.94636363636363,0,VIP / Premium
18078.0,336.13,2,27,168.065,1,Ocasionales
18079.0,3613.15,4,99,903.2875,0,VIP / Premium
18080.0,1231.5,2,2,615.75,1,Ocasionales
18081.0,343.45,3,14,114.48333333333333,1,Ocasionales
18082.0,680.84,1,62,680.84,1,Ocasionales
18084.0,90.48,1,1,90.48,1,Ocasionales
18085.0,689.95,2,25,344.975,1,Ocasionales
18086.0,101.34,1,7,101.34,1,Ocasionales
18088.0,166.03,1,35,166.03,1,Ocasionales
18093.0,2106.52,4,31,526.63,2,Recurrentes
18094.0,3017.3,7,39,431.04285714285714,2,Recurrentes
18095.0,580.05,2,20,290.025,1,Ocasionales
18096.0,849.06,3,157,283.02,2,Recurrentes
18097.0,2662.4,6,65,443.73333333333335,2,Recurrentes
18099.0,168.31,1,19,168.31,1,Ocasionales
18101.0,222.4,2,37,111.2,1,Ocasionales
18104.0,754.64,1,38,754.64,1,Ocasionales
18105.0,113.48000000000002,1,18,113.48000000000002,1,Ocasionales
18106.0,421.9,1,33,421.9,1,Ocasionales
18108.0,271.0,1,17,271.0,1,Ocasionales
18110.0,198.8,1,33,198.8,1,Ocasionales
18112.0,352.69,2,26,176.345,1,Ocasionales
18113.0,76.32000000000001,1,1,76.32000000000001,1,Ocasionales
18114.0,220.1,1,28,220.1,1,Ocasionales
18116.0,1403.1100000000001,8,230,175.38875000000002,2,Recurrentes
18117.0,315.65,1,68,315.65,1,Ocasionales
18119.0,180.7,1,29,180.7,1,Ocasionales
18120.0,111.15,1,17,111.15,1,Ocasionales
18121.0,653.3000000000001,2,28,326.65000000000003,1,Ocasionales
18122.0,1793.06,6,239,298.8433333333333,2,Recurrentes
18123.0,574.4399999999999,2,31,287.21999999999997,1,Ocasionales
18125.0,1131.75,4,164,282.9375,2,Recurrentes
18126.0,200.92,1,52,200.92,1,Ocasionales
18127.0,347.08,3,41,115.69333333333333,1,Ocasionales
18129.0,112.55000000000001,1,13,112.55000000000001,1,Ocasionales
18130.0,1059.39,3,58,353.13000000000005,2,Recurrentes
18133.0,931.5,1,1,931.5,1,Ocasionales
18135.0,681.91,5,11,136.382,1,Ocasionales
18136.0,784.33,3,34,261.4433333333333,1,Ocasionales
18138.0,152.65,1,8,152.65,1,Ocasionales
18142.0,1019.52,2,9,509.76,1,Ocasionales
18143.0,1000.16,2,59,500.08,1,Ocasionales
18144.0,2888.75,12,27,240.72916666666666,2,Recurrentes
18145.0,2861.55,4,174,715.3875,0,VIP / Premium
18146.0,160.35,2,10,80.175,1,Ocasionales
18147.0,179.34,2,7,89.67,1,Ocasionales
18149.0,612.0799999999999,3,11,204.02666666666664,1,Ocasionales
18150.0,566.58,3,29,188.86,1,Ocasionales
18151.0,653.35,2,38,326.675,1,Ocasionales
18154.0,399.19,2,15,199.595,1,Ocasionales
18155.0,371.62,3,19,123.87333333333333,1,Ocasionales
18156.0,675.64,2,100,337.82,1,Ocasionales
18158.0,453.4,2,24,226.7,1,Ocasionales
18159.0,530.15,1,23,530.15,1,Ocasionales
18160.0,638.0600000000001,2,37,319.03000000000003,1,Ocasionales
18161.0,1618.69,5,49,323.738,2,Recurrentes
18164.0,399.65,1,24,399.65,1,Ocasionales
18165.0,302.46,1,10,302.46,1,Ocasionales
18167.0,1384.8600000000001,3,24,461.62000000000006,2,Recurrentes
18168.0,1160.04,6,97,193.34,2,Recurrentes
18169.0,202.65,1,9,202.65,1,Ocasionales
18170.0,980.3100000000001,3,29,326.77000000000004,1,Ocasionales
18171.0,1231.31,5,43,246.262,2,Recurrentes
18172.0,7561.68,20,100,378.084,0,VIP / Premium
18173.0,2106.84,4,23,526.71,2,Recurrentes
18174.0,104.0,1,1,104.0,1,Ocasionales
18176.0,476.35,1,30,476.35,1,Ocasionales
18177.0,1340.8700000000001,6,53,223.47833333333335,2,Recurrentes
18178.0,1590.81,4,80,397.7025,2,Recurrentes
18179.0,1793.17,6,86,298.8616666666667,2,Recurrentes
18180.0,1843.75,6,108,307.2916666666667,2,Recurrentes
18181.0,366.85,1,40,366.85,1,Ocasionales
18183.0,632.07,2,36,316.035,1,Ocasionales
18184.0,49.8,1,1,49.8,1,Ocasionales
18185.0,304.25,1,17,304.25,1,Ocasionales
18188.0,2001.04,3,63,667.0133333333333,2,Recurrentes
18189.0,1090.24,2,65,545.12,2,Recurrentes
18190.0,284.46000000000004,2,14,142.23000000000002,1,Ocasionales
18191.0,207.8,1,7,207.8,1,Ocasionales
18192.0,957.97,1,45,957.97,2,Recurrentes
18193.0,243.76,1,16,243.76,1,Ocasionales
18194.0,973.84,1,7,973.84,1,Ocasionales
18196.0,686.63,2,131,343.315,2,Recurrentes
18198.0,5425.56,17,81,319.15058823529415,0,VIP / Premium
18200.0,150.35,1,29,150.35,1,Ocasionales
18202.0,1396.99,3,55,465.66333333333336,2,Recurrentes
18203.0,160.42000000000002,1,19,160.42000000000002,1,Ocasionales
18204.0,1975.3500000000001,3,159,658.45,2,Recurrentes
18205.0,517.36,2,30,258.68,1,Ocasionales
18209.0,139.10000000000002,1,8,139.10000000000002,1,Ocasionales
18210.0,2621.38,6,109,436.8966666666667,2,Recurrentes
18211.0,600.07,5,37,120.01400000000001,1,Ocasionales
18212.0,216.07,1,30,216.07,1,Ocasionales
18213.0,232.48000000000002,1,15,232.48000000000002,1,Ocasionales
18215.0,299.34000000000003,1,13,299.34000000000003,1,Ocasionales
18216.0,481.75,1,26,481.75,1,Ocasionales
18217.0,621.75,2,27,310.875,1,Ocasionales
18218.0,641.92,2,17,320.96,1,Ocasionales
18219.0,2069.77,10,58,206.977,2,Recurrentes
18220.0,305.28,1,2,305.28,1,Ocasionales
18221.0,1041.61,5,59,208.32199999999997,2,Recurrentes
18222.0,443.0,1,19,443.0,1,Ocasionales
18223.0,6484.54,14,116,463.18142857142857,0,VIP / Premium
18224.0,158.95000000000002,1,10,158.95000000000002,1,Ocasionales
18225.0,5504.96,12,150,458.74666666666667,0,VIP / Premium
18226.0,5228.05,11,141,475.27727272727276,0,VIP / Premium
18227.0,93.75,1,5,93.75,1,Ocasionales
18228.0,779.9,2,23,389.95,1,Ocasionales
18229.0,7276.9,20,66,363.84499999999997,0,VIP / Premium
18230.0,2810.2000000000003,7,32,401.4571428571429,2,Recurrentes
18231.0,2071.77,5,106,414.354,2,Recurrentes
18232.0,592.97,4,31,148.2425,1,Ocasionales
18233.0,440.0,1,1,440.0,1,Ocasionales
18235.0,1796.48,3,100,598.8266666666667,2,Recurrentes
18236.0,882.24,6,42,147.04,2,Recurrentes
18237.0,987.1,5,40,197.42000000000002,2,Recurrentes
18239.0,1561.6100000000001,5,80,312.322,2,Recurrentes
18240.0,422.58,1,6,422.58,1,Ocasionales
18241.0,2073.09,17,60,121.9464705882353,0,VIP / Premium
18242.0,2232.4900000000002,4,72,558.1225000000001,2,Recurrentes
18245.0,2567.06,7,153,366.72285714285715,2,Recurrentes
18246.0,596.1,2,3,298.05,1,Ocasionales
18248.0,804.02,2,39,402.01,1,Ocasionales
18249.0,95.34,1,8,95.34,1,Ocasionales
18250.0,349.27,1,21,349.27,1,Ocasionales
18252.0,518.27,2,90,259.135,1,Ocasionales
18255.0,103.30000000000001,1,6,103.30000000000001,1,Ocasionales
18257.0,2337.63,8,97,292.20375,2,Recurrentes
18259.0,2338.6,3,27,779.5333333333333,2,Recurrentes
18260.0,2628.35,6,86,438.05833333333334,2,Recurrentes
18261.0,324.24,2,19,162.12,1,Ocasionales
18262.0,149.48,1,13,149.48,1,Ocasionales
18263.0,1213.16,3,59,404.3866666666667,2,Recurrentes
18265.0,801.51,2,44,400.755,1,Ocasionales
18268.0,25.5,1,1,25.5,1,Ocasionales
18269.0,168.60000000000002,1,7,168.60000000000002,1,Ocasionales
18270.0,283.15000000000003,2,11,141.57500000000002,1,Ocasionales
18272.0,3078.58,6,99,513.0966666666667,2,Recurrentes
18273.0,204.0,3,1,68.0,1,Ocasionales
18274.0,175.92,1,11,175.92,1,Ocasionales
18276.0,335.86,1,14,335.86,1,Ocasionales
18277.0,110.38,1,8,110.38,1,Ocasionales
18278.0,173.9,1,9,173.9,1,Ocasionales
18280.0,180.60000000000002,1,10,180.60000000000002,1,Ocasionales
18281.0,80.82,1,7,80.82,1,Ocasionales
18282.0,178.05,2,12,89.025,1,Ocasionales
18283.0,2045.53,16,263,127.845625,0,VIP / Premium
18287.0,1837.28,3,59,612.4266666666666,2,Recurrentes
